session_id	item_id_seq_test	item_id_test	interaction_time_delta_train	vehicle
0	61 61 61 61 90 15 90 15 90 40	15	0.0 156.383 0.067 18.467 17.8 7.483 7.4 28.733 5.633 30.067	25
1	4 69	69	0.0 53.383	31
2	14 90 61	15	0.0 1.883 8.117	25
3	61 61 6 69	69	0.0 0.1 0.0 15.25	31
4	90	15	0.0	13
5	69 69 61	61	0.0 0.067 15.167	13
6	69 69 23 61	61	0.0 0.317 0.117 26.783	31
7	69 16 40 69 40 16	61	0.0 0.1 0.033 0.3 19.05 0.0	31
8	90 15 90 15 90 15 90 15 90 15 90 90 15 90 15 15 90 6 15 90 15	61	0.0 9.75 1.833 25.517 22.467 4.017 2.667 2.267 4.617 1.017 2.433 24.6 8.5 4.733 4.95 25.367 2.65 23.733 4.55 5.683 15.333	25
9	16 16 40 40 61 61 4 4 69 69 4	4	0.0 0.0 0.05 0.0 8.883 0.0 0.267 0.0 16.817 0.0 1.067	23
10	16 16 40	40	0.0 0.0 0.0	23
11	61 40	14	0.0 2.0	25
12	90 15 90	15	0.0 8.95 10.867	25
13	61 4 61 61 61 6 61 61 4 61 61 61 61 4 61 61 4 61	61	0.0 3.083 1.233 0.017 13.033 0.0 0.017 62.217 22.783 0.183 0.0 20.033 0.0 2.7 0.283 0.0 5.783 1.717	31
14	61 16	40	0.0 55.667	13
15	15 90	15	0.0 2.683	25
16	6	61	0.0	13
17	16	40	0.0	25
18	17 69	61	0.0 4.983	31
19	90	15	0.0	25
20	61 61 61 69	69	0.0 0.0 11.867 20.117	23
21	69 69 69 69 40	40	0.0 0.0 2.167 0.0 8.583	5
22	61 40 15 69 40 40	40	0.0 1.317 1.65 5.4 84.65 44.317	31
23	90 15 90 15 90	15	0.0 29.583 36.533 4.1 1.533	25
24	37 15 37	15	0.0 1.833 6.4	5
25	90 15 90 15 90	15	0.0 7.8 2.75 8.95 8.35	25
26	40 40 16 16 16 16 40 40 40 40 16 16 40 40 40 40 69 69 23 23 16 16 69 69 23 23 69	69	0.0 0.0 18.983 0.0 7.65 0.0 0.583 0.0 0.483 0.0 1.017 0.0 4.817 0.0 0.75 0.0 2.267 0.0 0.217 0.0 5.233 0.0 40.85 0.0 0.0 0.0 6.417	31
27	90 15	90	0.0 65.933	25
28	61	40	0.0	31
29	90 15 61 61 95 6 61 95 69 90 69 69 73 6 61 61 15 90 90 15 40 15 40 90 15	40	0.0 20.633 18.767 13.533 6.65 1.9 0.1 0.05 0.317 0.1 0.117 0.117 1.267 0.167 0.0 0.033 1.033 1.4 17.967 1.95 37.7 2.15 0.383 13.717 16.183	25
30	94 94 94 94 17 17 17 17 17 17 17 17 16 16 40 40 17 17 17 17 69 69 4	4	0.0 0.0 0.0 0.0 0.65 0.0 1.667 0.0 0.933 0.0 1.7 0.0 0.55 0.0 0.0 0.0 0.633 0.0 1.217 0.0 1.533 0.0 38.1	31
31	73 40	40	0.0 1.2	13
32	61	59	0.0	13
33	40 40 16	16	0.0 0.0 0.0	31
34	61 61 4 4 16 16 40 40 16 16 40	40	0.0 0.0 0.267 0.0 143.8 0.0 0.6 0.0 20.367 0.0 0.017	23
35	90	15	0.0	25
36	40 61	61	0.0 1.0	23
37	6 61	61	0.0 0.033	13
38	61 69 16 40 6 61 69 23	69	0.0 24.65 1.133 0.017 1.033 0.05 5.833 0.067	31
39	61 6 61 61 59 6 61 61 79 73 73 61 61 6	61	0.0 18.217 0.05 0.0 4.55 13.633 0.117 0.033 0.233 100.25 0.0 2.817 0.0 0.083	13
40	61 61 61 61 61 61 61 16 61 61 61 61 61 61 61 61 61 61	61	0.0 0.0 19.533 16.15 5.733 13.133 6.583 0.7 12.233 4.183 13.733 14.217 0.0 2.467 7.033 2.033 0.0 2.767	5
41	90	15	0.0	25
42	16 40 90	15	0.0 0.0 11.217	23
43	90	15	0.0	25
44	6 61 61	4	0.0 0.0 0.017	31
45	61 69 69 30 90 15 61 15 13 61 90 15 69 61 90 15	61	0.0 1.9 0.267 0.067 3.7 9.583 22.017 6.967 8.0 43.3 19.967 2.717 18.933 75.283 29.55 23.033	25
46	61 61 61 69 69 69	69	0.0 105.6 0.0 1.35 0.0 20.35	5
47	90	15	0.0	25
48	90 15 90	15	0.0 8.967 3.55	25
49	90	15	0.0	25
50	69 70	69	0.0 7.867	5
51	61 61 40 61	61	0.0 0.0 8.8 22.317	13
52	61 40	69	0.0 5.367	5
53	90	15	0.0	25
54	90	15	0.0	25
55	61 61 40 40 69 69	61	0.0 17.483 1.0 0.133 39.75 1.083	23
56	90 37 90 90 15 90 15 90	15	0.0 2.117 1.1 16.067 6.75 21.833 18.7 17.333	25
57	61	4	0.0	31
58	90 15 90 15 90 69 40 15 90 61 15 90 15 16 40 90 15 61 90 15 61 61 90	15	0.0 19.85 2.983 15.917 9.467 15.067 5.733 2.233 5.967 5.15 12.617 26.9 10.1 16.9 0.05 25.867 18.367 13.5 7.75 1.483 38.333 0.0 42.617	25
59	90 16 40	15	0.0 14.5 0.083	25
60	61 6	61	0.0 0.067	13
61	4 4 61	61	0.0 62.05 0.383	31
62	69 69 69 69 61 61 69 69 69	69	0.0 0.0 0.0 0.0 5.033 0.0 40.683 0.0 0.0	23
63	61	59	0.0	13
64	90	15	0.0	25
65	61 40	61	0.0 4.25	25
66	87 90	15	0.0 0.117	25
67	61 59 6 61	61	0.0 41.1 9.533 0.0	13
68	61 61 40 61 61	6	0.0 0.0 5.133 83.7 21.517	13
69	6 61 61 61 61 61 61 61	61	0.0 0.0 0.05 44.783 86.683 0.0 33.9 15.833	13
70	61 61 61 40 90 90 15 90 15 90 15 90 90 90 90 15 90 15 90 15 90 15 61 40 33 90	15	0.0 8.083 24.367 12.783 0.35 22.483 1.367 3.75 18.217 21.65 9.15 3.883 1.467 3.033 3.217 3.333 1.533 4.75 18.317 19.917 3.2 11.45 71.583 0.633 24.217 75.283	25
71	90	15	0.0	25
72	61 61 16 16 40 40 61	61	0.0 0.0 23.183 0.0 0.0 0.0 12.717	23
73	61 61 6 59 61 6 61	61	0.0 50.967 0.0 2.2 5.617 11.567 0.033	13
74	6 61 59 30	73	0.0 0.117 7.383 36.717	13
75	90 40 15 90 61 15 90 51 15 90 15 90 15 90 71 71 61 61 90 15 90 15 15 15 40 40 15 40 90 15 61 61 90 61	15	0.0 15.75 5.983 20.5 0.283 22.817 1.383 11.65 0.083 7.683 1.05 3.167 3.433 3.433 6.917 2.983 0.0 0.25 1.4 2.95 4.417 7.717 4.217 5.583 0.683 0.2 11.983 12.667 27.5 18.0 3.967 0.0 121.2 0.2	25
76	16 40 69 61 61 61 61	69	0.0 0.0 1.017 26.567 82.233 56.5 0.0	23
77	90 15 61 61 40 69 16 16 16 16 16 14 16	16	0.0 28.917 31.117 0.017 1.033 11.15 2.383 0.25 0.0 0.0 0.0 13.75 24.517	25
78	90 16 16 40 40 15 90 69 23	15	0.0 6.017 0.0 0.0 0.0 15.25 4.133 3.1 0.033	25
79	90 15 90 16 16 40 40 15 90 90 15 90 40 40 15 90 16 16 40 40 40 40 40 40	15	0.0 22.967 54.717 10.2 0.0 0.117 0.083 0.5 11.4 5.45 11.45 33.217 0.117 0.05 12.183 4.483 2.85 0.0 0.0 0.0 0.717 0.017 0.467 0.017	25
80	69 69 40	40	0.0 0.0 0.717	5
81	16 40 16	40	0.0 0.65 6.267	25
82	40	16	0.0	13
83	61 61 6	61	0.0 0.0 0.0	31
84	90 16 16 40 40 73 73 15 61	61	0.0 0.133 0.017 0.0 0.017 4.767 0.0 3.267 45.217	25
85	16 40 4 61 61 16 40 61 61 61 61 16 40	4	0.0 0.017 0.233 0.1 0.05 0.55 0.183 1.917 76.067 0.017 22.467 12.567 0.05	31
86	51	24	0.0	5
87	90	15	0.0	25
88	33 40 16 13 6 61	61	0.0 0.167 0.0 0.983 9.183 0.017	31
89	61 16 40 16 40 78	33	0.0 0.75 0.0 24.667 0.0 16.317	31
90	90 15 90 16 40	15	0.0 7.6 18.983 0.3 0.0	25
91	90	15	0.0	25
92	90 61 15 90 40 15 90 37	15	0.0 56.85 1.55 3.567 10.067 19.517 39.583 32.083	25
93	90 15 90	15	0.0 5.117 20.217	25
94	16 40 69	23	0.0 0.017 13.933	31
95	90	15	0.0	23
96	69 69 4 24 33 24 33 6	61	0.0 3.95 2.383 1.35 1.117 0.583 0.333 4.833	31
97	61 61 40 16 40 61 61	61	0.0 0.0 8.867 0.15 0.017 91.35 4.35	5
98	69 61 61	69	0.0 2.6 24.333	5
99	61 40 40	61	0.0 0.4 7.017	13
100	40 59	15	0.0 15.917	13
101	61 61 59 40	40	0.0 18.667 1.917 67.483	13
102	37	15	0.0	25
103	90 15 90 15 90	15	0.0 26.6 20.45 3.95 80.95	23
104	16 40 69 69 40 16 40 40 40 69 69 61 16 40 61 15 84 40 16	15	0.0 0.0 80.217 0.067 71.95 126.783 0.0 2.25 2.033 34.417 1.0 16.733 0.767 0.0 11.2 0.817 12.983 0.917 34.783	5
105	61 90	15	0.0 3.117	25
106	16 40 61	40	0.0 0.017 0.383	5
107	16 40 69 40 61 61 61 90 16 16 40 87 15 16 40 40	40	0.0 0.033 9.783 18.4 37.567 21.6 4.45 10.717 27.933 0.033 0.167 5.417 0.783 3.083 0.0 0.217	25
108	4 4	61	0.0 33.367	23
109	90	15	0.0	25
110	17 17 17 17 17 17 17 69	69	0.0 5.783 2.65 1.367 0.467 1.333 0.583 12.767	31
111	69	23	0.0	31
112	61 61 40 40 6 61 61 40	40	0.0 0.0 36.25 0.017 4.533 0.05 0.017 31.05	13
113	17 16 40	61	0.0 5.867 0.0	31
114	59 61	59	0.0 1.8	13
115	61 40 16	78	0.0 0.133 0.0	31
116	90 15 16	40	0.0 6.083 89.217	25
117	37	15	0.0	25
118	61 61 61	69	0.0 0.0 4.283	23
119	16 40 69	23	0.0 0.0 13.133	31
120	4 16 40 61	69	0.0 0.933 0.05 0.7	23
121	90	15	0.0	25
122	61 61 61	69	0.0 0.0 23.517	5
123	15 15 90 15 90 15 90 90 90 15 90 15	15	0.0 6.433 4.017 17.85 3.1 2.533 2.467 17.167 3.467 5.65 3.55 2.167	25
124	40 40 61 61 61 61 61 61 61 16 40 16 40 15 59 61	61	0.0 0.0 0.767 2.517 0.0 29.267 83.617 84.383 0.0 6.6 0.0 0.0 0.0 21.75 4.067 7.633	13
125	69 61 61	61	0.0 13.583 4.867	5
126	70 69	70	0.0 0.033	5
127	16	40	0.0	13
128	90	15	0.0	25
129	61 61 16 16 40 40 61 61 61 61 61 61 84	15	0.0 47.5 18.733 0.05 0.05 0.033 80.667 0.0 20.483 0.0 2.9 0.0 1.617	13
130	6 61 6 61	61	0.0 0.017 3.917 0.167	31
131	90 15 90 15 90	15	0.0 16.633 12.917 1.683 8.15	25
132	90 15 61 61 90 90 15 90	15	0.0 8.9 50.967 0.0 4.783 26.983 9.7 8.633	25
133	40 40 6 61	61	0.0 0.017 25.183 0.033	13
134	61 90 40 15 90 15 15 90 15 61 90 40 40	15	0.0 4.417 6.217 103.517 2.583 28.15 2.667 7.25 5.4 87.967 0.15 37.883 0.233	25
135	90	15	0.0	25
136	90 15 15 90 15 15 90 15 90	15	0.0 7.217 18.6 5.567 26.067 14.85 41.133 1.733 4.3	23
137	69 4 61 61 6 61	4	0.0 0.0 7.317 0.0 11.55 0.0	31
138	16 40 61 61	69	0.0 0.0 11.1 0.0	31
139	90	15	0.0	25
140	90 15 90 15 15 90 90 15 90 15 90 15 90 15 90	15	0.0 8.633 3.95 3.483 12.6 7.3 14.383 2.167 6.217 8.6 56.117 13.417 49.517 5.483 16.75	25
141	4 4 61 16	40	0.0 0.0 0.917 0.517	23
142	61 61 16 16 40	40	0.0 0.0 8.9 0.0 0.0	25
143	40 4	4	0.0 0.0	31
144	90 15 61 61 90 61 15	61	0.0 2.967 8.067 0.0 0.55 1.817 0.017	25
145	90	15	0.0	25
146	4 17 37	15	0.0 0.0 3.35	31
147	90 90 15 90 15 90 90	15	0.0 1.433 3.75 7.367 7.083 1.367 4.483	25
148	61 61 69 61	61	0.0 3.967 14.383 42.167	23
149	61 59	61	0.0 8.617	13
150	4 61 61 61	61	0.0 4.45 0.0 35.817	31
151	37 99	15	0.0 3.25	23
152	4 69 61	69	0.0 1.967 0.133	31
153	69 61 90 15 90 15 15 90 15 90 15 90 15 16 16 16 16 61 16 16 40 40 90 61 15 90 15 15 16 16 15 40 16 16 16 16 90 15 15 15 15 61 61 15 40 15 16 61 61 84 15 90 15 84	15	0.0 2.6 2.4 14.733 4.2 9.2 4.917 3.333 18.783 5.033 2.083 2.5 15.483 6.033 0.0 0.767 0.083 26.767 0.417 0.0 0.0 0.0 0.35 1.233 0.483 8.65 5.867 2.0 7.8 0.0 2.933 2.333 0.317 0.0 1.283 0.0 1.683 1.033 5.067 4.6 2.1 6.633 0.083 1.733 5.567 4.283 2.717 41.767 24.75 6.317 11.467 4.483 1.183 16.783	23
154	61 61 69 69 69 69 17 17 17	17	0.0 0.0 1.333 0.0 0.133 0.0 0.05 0.0 0.783	31
155	61 61 6 6 69 69 69 69 69 69 4 4 40	40	0.0 0.0 1.45 0.0 0.45 0.0 1.083 0.0 0.083 0.0 17.883 0.0 24.383	31
156	61 90 40 15 61 90	15	0.0 0.417 5.417 17.667 1.45 2.083	25
157	90 15 61 61 90	15	0.0 5.217 6.567 1.25 35.017	25
158	90	15	0.0	25
159	16	40	0.0	31
160	61	79	0.0	13
161	61 90 40 15 90 15 90 15 90 15 90 15 61 15 61 90 15 90 14	15	0.0 0.017 10.1 0.75 15.967 14.55 5.533 8.75 1.283 1.883 5.017 12.417 55.367 0.783 2.917 5.583 14.067 153.017 0.583	25
162	69 4 69 69 69	69	0.0 9.133 3.3 2.717 4.35	5
163	73 73 16 40	40	0.0 0.0 19.25 0.017	13
164	90	15	0.0	25
165	61 16 40	40	0.0 3.1 0.0	23
166	69 61 61 61	61	0.0 3.55 29.533 10.75	5
167	90	15	0.0	25
168	61 61 30 30	30	0.0 98.033 13.367 1.25	13
169	61	69	0.0	5
170	61 84 16 40 16 40 15	40	0.0 2.0 23.55 0.0 33.3 0.017 16.367	5
171	90 87	15	0.0 2.5	25
172	69 69 69 69 23 23 69 69 23 23 61 61 69	69	0.0 0.0 1.0 0.0 0.183 0.0 7.05 0.0 0.05 0.0 2.2 0.0 13.85	31
173	90	15	0.0	25
174	90	15	0.0	25
175	40	23	0.0	41
176	90 15 90 40 15 90 15 61 61 90 15 16 61 90 15 90 15 15 15 90 15 16 40 90 15 69 69 61 71 90	15	0.0 14.267 22.733 24.5 2.133 1.15 1.6 10.25 0.067 3.333 13.517 28.8 4.133 2.4 1.583 1.1 4.783 8.383 3.433 3.9 12.7 7.233 0.15 5.083 32.983 84.617 0.017 9.9 10.133 7.9	25
177	15 84	15	0.0 27.333	23
178	16 16 16 40 16 40 16 40 69	61	0.0 0.033 8.3 0.217 0.7 0.25 3.967 0.1 1.7	5
179	61 61 41 69 6 61 61	61	0.0 0.0 15.75 22.9 16.717 0.033 0.0	13
180	90 15 40 61 90	15	0.0 13.167 51.65 27.433 188.1	25
181	37 84 61 69	15	0.0 1.133 26.383 2.867	5
182	90	15	0.0	25
183	69	61	0.0	5
184	69	23	0.0	31
185	61 61 61	59	0.0 67.617 0.0	13
186	16	40	0.0	13
187	16 40 16 40 16 16 16 16 16 16 16 16 16 16 16 16 16 40 61	61	0.0 0.0 0.017 0.0 16.7 0.0 0.0 0.0 0.0 0.0 0.0 0.0 0.0 0.0 0.0 0.0 0.0 0.0 4.1	23
188	37	15	0.0	5
189	61 90	15	0.0 6.233	25
190	90	15	0.0	25
191	40 40 90 40 40	15	0.0 0.0 6.717 28.283 0.0	13
192	69 84 15	69	0.0 0.233 23.217	5
193	69 16	40	0.0 27.583	23
194	90 15	69	0.0 1.05	23
195	59	61	0.0	13
196	61 61 61 17 16	40	0.0 2.433 0.017 4.567 2.533	13
197	61 61 61 6 61 61	59	0.0 3.317 0.017 0.033 3.85 0.0	13
198	16 40 69	70	0.0 0.017 32.633	23
199	61 61	59	0.0 0.017	13
200	16 40 69 69 23 61	61	0.0 0.017 16.05 12.75 0.067 1.417	31
201	73	61	0.0	13
202	69 4	61	0.0 0.017	31
203	16	40	0.0	23
204	69 4 69	61	0.0 10.783 14.633	31
205	90	15	0.0	25
206	90	15	0.0	25
207	61 59 59 61 61 6 61	61	0.0 3.75 0.0 15.433 0.0 3.533 0.15	13
208	16 40 90 15 40 40 90 15 15 90 15 90 15	15	0.0 0.0 17.533 15.133 32.233 7.267 30.7 17.7 2.117 6.833 6.767 7.317 3.917	5
209	90	15	0.0	25
210	61 61 61 61 61 61	4	0.0 0.0 33.25 0.0 11.417 161.967	5
211	16 40 69 69 23 61 6	61	0.0 0.0 0.633 0.617 0.1 8.45 0.1	31
212	61 90	15	0.0 12.85	25
213	23 40 16 16 16 6 61	24	0.0 3.05 1.683 0.117 0.283 2.533 0.0	31
214	61 40 40 13	61	0.0 9.217 4.333 11.5	23
215	16 16 40	40	0.0 0.0 0.0	25
216	90 15 90 15 90 15 69 90 15 90 13 15 15 90 15 90	15	0.0 14.867 5.6 2.7 1.417 1.3 17.467 17.633 8.4 9.85 0.85 6.05 2.383 36.067 34.617 20.567	25
217	6 61	61	0.0 0.0	13
218	90	15	0.0	25
219	68 61 16 40 61 61 61 90 61 61 61 15 84 90 15 90 15 90 15 90	15	0.0 3.183 0.083 0.0 1.933 2.05 0.0 5.133 0.167 1.35 0.05 6.0 10.283 1.283 6.1 8.883 5.683 2.567 3.9 3.55	23
220	69	61	0.0	23
221	90 15 69 40 13	13	0.0 18.267 85.783 3.0 3.033	23
222	90 61 61 90 15 90 69 15 90	15	0.0 17.767 21.4 16.317 1.25 5.017 16.783 10.133 34.333	25
223	90	15	0.0	25
224	61 61 69 69 61 61 16 40 69 69 69 69 69 23 16	40	0.0 0.0 6.067 0.033 0.267 0.0 1.317 0.0 8.767 0.0 0.0 0.0 0.0 0.0 11.783	23
225	90	15	0.0	5
226	61 61 4 61 61	61	0.0 0.0 13.633 17.583 12.383	31
227	90 61 61 15 61	61	0.0 0.017 0.0 23.45 18.417	25
228	90 40 87 90 15 90	15	0.0 10.3 10.833 10.533 1.75 16.783	25
229	90	15	0.0	25
230	61 61 59	61	0.0 0.0 6.95	13
231	90	15	0.0	25
232	90 90	15	0.0 2.75	25
233	37	15	0.0	25
234	37	15	0.0	23
235	69 61	61	0.0 20.833	5
236	90 15 90 15 90	15	0.0 2.45 12.117 3.167 6.567	25
237	84	15	0.0	5
238	61 6 61	61	0.0 76.35 0.067	13
239	61 61 4 61 61 4 16 40 61 61 61	4	0.0 0.0 0.45 1.767 0.0 10.083 10.35 0.0 0.767 0.05 39.267	31
240	69 61	61	0.0 22.383	5
241	61 61 69 70 70 69 69 70	70	0.0 9.567 3.233 0.617 2.683 0.0 0.883 0.683	5
242	16 16 40 40 37 40	15	0.0 0.0 0.0 0.0 10.667 0.417	25
243	61 69 69 90 61 4 40 61 40 40 15 40 16 40 61 40 69 69 69 90	15	0.0 10.8 0.0 1.25 18.0 10.45 21.333 23.3 0.2 0.0 20.383 0.267 0.783 0.367 77.533 1.35 2.217 0.017 1.433 16.817	23
244	61 61 40 61 79 6	61	0.0 0.0 3.9 127.3 16.5 20.1	13
245	61	59	0.0	13
246	16 40 69	23	0.0 0.0 4.05	31
247	6 61	61	0.0 0.0	31
248	61 61 59 73	73	0.0 0.0 7.567 86.967	13
249	90	15	0.0	25
250	16 16 40	40	0.0 0.0 0.0	25
251	61 6 61	15	0.0 0.817 0.0	5
252	90	15	0.0	25
253	90 15 16	40	0.0 19.217 43.9	25
254	40 61	61	0.0 80.717	13
255	61 40 16	40	0.0 28.933 241.283	13
256	61 6 61	59	0.0 6.25 0.083	13
257	61 16 40 16 40 40 90 16 40 16 40 16 40 37 90	15	0.0 0.467 0.0 3.95 0.333 3.167 3.967 1.833 0.0 0.133 0.017 12.45 0.017 5.517 4.133	23
258	40 40 61 61 61 61 61 40	40	0.0 0.65 5.6 0.033 110.55 0.0 4.983 12.433	25
259	61 90 15 61 90	15	0.0 1.333 15.433 171.417 7.533	25
260	61	69	0.0	5
261	61	69	0.0	23
262	40 16 61	69	0.0 0.0 34.683	31
263	69	61	0.0	5
264	61 61	4	0.0 0.0	31
265	15 90 61 61	15	0.0 6.317 3.6 0.0	25
266	61 40 90 16 40 15 61 61 61 61 90	15	0.0 1.683 96.267 0.283 0.017 13.433 4.35 0.017 1.217 0.017 1.433	25
267	6 61 61 69 69	61	0.0 0.0 0.033 14.033 1.767	31
268	78 24 78	33	0.0 0.35 0.183	31
269	61 61 69 16	40	0.0 0.0 6.967 0.183	5
270	16	40	0.0	25
271	90	15	0.0	25
272	40	69	0.0	31
273	6 61	61	0.0 0.033	41
274	61 61 4 4 61 61 61 4 69 69 23	69	0.0 0.167 2.283 9.867 0.8 222.983 0.017 0.55 10.267 1.217 0.133	31
275	90	15	0.0	25
276	40 61 40 4 61 61	61	0.0 103.05 1.517 8.617 6.483 76.1	31
277	16 40 6 61 61 61 61 61 61 61 61 40 61 61 6 61 61	63	0.0 0.0 74.583 0.017 0.017 4.4 17.933 0.0 45.133 33.417 0.0 8.8 18.133 0.0 7.6 0.117 32.35	13
278	69 69 61 61 6 6 61 61 61	61	0.0 0.0 0.333 0.0 3.333 0.0 0.017 0.0 7.967	31
279	68 73 73 61	61	0.0 161.35 0.0 241.233	5
280	4 61 61 61 4 61 61 4 61	61	0.0 0.217 0.0 7.033 0.45 0.85 0.0 1.683 0.033	31
281	61 61 40 40 4 4 4 4 4	4	0.0 0.0 0.733 0.0 0.967 0.0 1.567 0.0 8.033	23
282	90	15	0.0	25
283	4	73	0.0	31
284	61 61 90 40 15	61	0.0 6.95 9.017 4.133 30.917	25
285	61 61 90	15	0.0 0.0 5.6	25
286	90	15	0.0	25
287	61 16 40 16 40 69	69	0.0 3.017 0.0 161.1 0.0 2.133	5
288	90 15	61	0.0 15.25	25
289	16 40 69 69 23 16 40	59	0.0 0.0 2.817 0.75 0.067 77.45 0.083	23
290	61 16 40 61 61	61	0.0 1.55 0.0 86.183 0.0	25
291	61 61 61 61 59 73 73	73	0.0 0.0 26.767 0.0 8.55 78.95 64.267	13
292	16 40 84 84 37 61	15	0.0 0.0 20.417 1.383 1.1 3.883	23
293	4 33 61	4	0.0 0.083 1.067	31
294	69 17	4	0.0 1.9	31
295	69 61 69	23	0.0 7.85 0.05	23
296	90	15	0.0	25
297	90 84 15 84 37 15	61	0.0 9.267 13.2 4.1 1.717 5.167	25
298	61 61 61 4	61	0.0 0.0 2.95 0.05	31
299	73 73 61 61 61 61 61 61	61	0.0 0.0 6.067 0.0 63.233 0.0 37.95 39.35	13
300	90	15	0.0	25
301	4 4 4 69 69 69 69 69 69 61 61 4 4 4 61 61 61	61	0.0 0.0 0.0 6.267 0.0 0.0 6.45 0.0 0.0 1.083 0.0 56.583 0.0 0.0 0.25 0.0 27.883	31
302	4 16	40	0.0 5.3	31
303	61 61 61	6	0.0 0.017 3.75	13
304	90 61 61 40 15 40 40 40 40 90	15	0.0 59.567 0.0 2.533 2.05 3.667 0.2 0.683 0.15 152.483	25
305	61 6 61	61	0.0 19.1 0.033	31
306	61 61 61 90 15 90 61 15 15 90 15 90 15 69 23 69 69 23 90 61	15	0.0 0.017 24.433 48.55 6.717 12.833 7.017 8.567 8.233 30.683 1.95 14.533 6.0 29.283 0.067 0.783 0.567 0.083 43.45 14.367	25
307	90 15 90 61 15 90 15	61	0.0 7.967 8.983 11.033 1.817 18.867 12.383	25
308	73 73 16 40 61 6	61	0.0 0.0 14.7 0.0 11.05 0.033	13
309	40 16 16 69	23	0.0 0.1 0.033 15.533	31
310	40	69	0.0	23
311	90 15 37 84 15 90 90 15 90 15 90	15	0.0 17.067 63.633 13.95 2.6 8.983 3.667 16.483 2.217 2.3 23.917	25
312	90	15	0.0	25
313	61 61 69 69 6 61 17 69 69 69 69 69 69	69	0.0 7.5 0.167 1.45 10.35 0.033 1.05 56.833 37.733 81.9 91.467 108.533 114.4	31
314	69 69 69 70 70 69 69 70	61	0.0 5.9 0.117 14.167 5.983 0.117 4.383 0.117	5
315	16 40 51 13 24	61	0.0 0.05 3.05 0.167 11.233	23
316	61 6 61 61 59 61 59 73 6 61 61 61 6	61	0.0 5.2 0.0 0.017 1.917 28.65 0.15 93.8 0.117 0.083 0.017 133.467 6.567	13
317	61 59	61	0.0 1.767	13
318	16 40	61	0.0 0.017	31
319	69 16 40	61	0.0 5.083 0.0	23
320	90 15 90 15 90 15 90	15	0.0 5.867 3.817 1.017 6.933 7.733 58.517	25
321	69	61	0.0	5
322	90 15 90 15 90 15 15 90 15 90 15 90 15 90 90 15 90 15 90	15	0.0 27.333 19.633 30.867 1.5 2.283 3.333 3.433 12.1 12.65 5.283 4.233 1.117 2.667 8.7 32.117 1.833 35.367 93.067	25
323	61 61 61 61	59	0.0 0.017 112.667 0.017	13
324	40	61	0.0	31
325	90 6 61 61 40 15 90 15 16	40	0.0 61.233 0.75 0.033 6.133 36.05 13.567 1.817 1.267	25
326	4	61	0.0	31
327	90 15 90 15 15 90 15 90 15 90 15 90 15 90 90 15 90	15	0.0 30.317 5.367 37.2 2.817 5.85 32.517 1.233 11.467 6.667 1.417 3.917 1.5 34.517 1.85 29.6 16.367	25
328	61 61 61 90 16 16 40 40 15 61 61 61 40	40	0.0 2.367 0.0 0.25 1.067 0.0 16.467 0.0 7.733 50.483 0.0 2.8 0.65	13
329	61 69 69 61 40 84 40 15 16 40 15 40 99 99 99 33 40 40 61 69	50	0.0 11.3 30.783 6.65 76.617 3.083 34.2 9.717 108.967 1.35 8.55 3.35 12.117 0.183 56.933 0.15 102.883 4.383 51.55 0.55	5
330	61	69	0.0	31
331	6 61	61	0.0 0.0	41
332	61 61 61 69 69 16	40	0.0 56.8 0.75 0.95 0.0 8.067	23
333	61	40	0.0	25
334	4 61 40 4 61 61 61 4 61 40 4 61	69	0.0 0.283 13.233 7.033 1.533 0.067 10.75 0.017 1.65 10.467 18.633 0.283	23
335	61 24 68 61 61 90 15 61 33 33 90 15 61 61 61 90 15 90 15 84 90 15 90 15 90	15	0.0 0.333 0.0 70.633 0.0 19.067 4.233 1.617 5.767 0.017 1.65 6.65 5.45 26.8 0.0 26.8 1.2 9.7 5.567 2.183 2.1 2.017 3.933 3.617 2.0	23
336	84 84	15	0.0 4.05	23
337	6 61 61	61	0.0 0.033 0.0	13
338	40 16 40	61	0.0 0.583 0.0	23
339	61 61 61 61 13 13 13 13 15 33 33 33 33 16 16 16 16 16 16 16 16 16 16 16 16 90 15 40 40 40 40 90 15 90 15 16 16 16 16 16 16 16 16 16 16 16 16 40 40 40 40 16 16 40 40 40 40 40 40 16 16 40	40	0.0 0.0 9.933 0.0 3.25 0.0 0.067 0.0 6.35 10.983 0.0 0.017 0.0 15.533 0.0 0.0 0.0 0.533 0.0 0.0 0.0 0.1 0.0 0.0 0.0 4.667 22.083 3.1 0.0 0.083 0.0 5.817 6.067 19.383 11.55 57.017 0.0 0.0 0.0 0.167 0.0 0.0 0.0 0.167 0.0 0.0 0.0 0.1 0.0 0.0 0.0 1.817 0.0 0.2 0.0 2.1 0.0 0.017 0.0 9.1 0.0 0.233	23
340	61 61 6 61	61	0.0 0.0 1.65 0.0	13
341	90 61 40	15	0.0 57.533 3.267	25
342	61 90 15 90 15 61 61 90	15	0.0 0.15 14.25 3.217 8.133 141.533 0.0 0.567	25
343	69 4	69	0.0 0.367	31
344	69 69	4	0.0 0.15	31
345	69 61 16	40	0.0 0.1 12.433	31
346	90 90 15	61	0.0 3.3 13.933	25
347	40 40 40 90 69 15 70 61	61	0.0 0.8 0.567 0.883 6.3 2.367 3.767 119.6	25
348	15 90 15 90 15 90 90 15 90 15 90	15	0.0 6.583 19.667 17.9 28.05 5.983 2.467 6.4 20.7 5.617 46.233	23
349	40 61 61 69 69 90 15 40 40 40 40	40	0.0 2.133 0.033 1.5 0.0 33.517 7.867 46.433 0.017 29.433 7.667	23
350	40 16	40	0.0 31.133	31
351	61 61 40 14 90 15 90 15 61 69 61 61 61 61	61	0.0 0.0 1.167 59.667 74.367 4.767 47.417 16.6 39.383 10.517 10.75 24.3 0.0 12.017	25
352	61 61 59 61 40	40	0.0 0.0 1.917 33.15 3.933	13
353	90 15 40 61 40 16 40	40	0.0 29.9 30.917 0.067 0.15 16.517 0.6	25
354	61 61 40 90 15 90 15 90	15	0.0 0.033 18.4 6.367 42.967 3.783 21.133 30.7	23
355	16 16 40 40 16 16 40	40	0.0 0.0 0.0 0.0 0.583 0.0 0.017	23
356	16 40 16 40 40 40 16 16	61	0.0 0.0 0.017 0.0 1.117 0.0 182.767 0.1	5
357	90	15	0.0	25
358	61 40 90 15 90 90 40 15 90	15	0.0 0.833 0.083 26.633 2.067 1.767 38.683 1.95 3.45	25
359	90 15 90	15	0.0 3.833 2.15	25
360	4 61	61	0.0 7.35	31
361	61 61 6 61 61	6	0.0 0.0 0.0 6.417 3.617	31
362	69 69 69 69 6 61 69 61 69 23 61	61	0.0 0.083 4.017 1.117 61.383 0.017 3.783 11.833 1.417 0.05 187.15	31
363	90	15	0.0	25
364	90 15 61 61 61 90	15	0.0 17.083 29.017 33.05 11.083 72.667	25
365	40 90 15 61 16 40	90	0.0 0.517 17.417 10.35 0.033 0.017	25
366	61 6	79	0.0 0.15	13
367	61 6 78 40 16 40 16 40 24 33 16 40 69 4 13 6 61	24	0.0 1.75 1.5 50.317 62.833 0.0 27.05 0.0 1.967 5.15 0.217 0.0 1.483 0.35 2.5 0.717 0.05	31
368	61 61 61 16 40 37	15	0.0 2.75 0.0 1.833 0.017 2.967	23
369	90 15 90	15	0.0 2.333 5.3	25
370	61 61 4 4 61	61	0.0 0.0 3.95 45.717 2.283	23
371	90 15 15 90 90 61 16 40 15 90 15 40 90	15	0.0 14.6 2.467 17.183 24.9 1.25 1.233 0.0 4.267 4.8 8.317 38.55 12.083	25
372	16 40 61	61	0.0 0.0 4.733	23
373	90	15	0.0	25
374	69 16 40 61 61	69	0.0 71.45 0.0 92.25 0.0	5
375	16 40	59	0.0 0.0	13
376	4 61	61	0.0 1.533	31
377	6 61	61	0.0 0.017	13
378	69 4 6	61	0.0 0.383 36.467	31
379	61 61	6	0.0 0.0	13
380	40 16	40	0.0 17.1	31
381	6 61	79	0.0 0.067	13
382	61	63	0.0	31
383	61	4	0.0	23
384	61 90 16 40	15	0.0 0.4 13.35 0.0	25
385	16 16 69 69 13 13 69 69 23 23 69 69 16 16 40 40 61	61	0.0 0.0 6.6 0.0 8.117 0.0 1.417 0.0 0.083 0.0 68.2 0.0 64.85 0.0 0.017 0.0 35.617	23
386	4 4 16 40 6 61 61 16	40	0.0 0.033 1.083 0.0 7.233 0.033 0.0 2.233	31
387	90	15	0.0	25
388	69 4 6 61	61	0.0 0.533 1.4 0.033	31
389	69	4	0.0	31
390	61 69 61	69	0.0 1.15 1.117	5
391	90	15	0.0	25
392	4 69 69	69	0.0 8.45 34.45	23
393	61 61 69	69	0.0 0.0 0.983	5
394	6 61 61 61 61	61	0.0 0.0 0.233 61.25 84.9	41
395	4 4 69 78 61 24 33 6 61 16 40 16 40 16 40 16 40 69 16 40 16 40 16 40 16 40 16 40 16 40 16 40 16 40 40 16 40 16 40 16 40 16 16 16 40 40 16 40 16 40 16 16 40 16 16 40 13 15 69 16	40	0.0 0.0 0.05 2.283 0.933 2.05 2.95 2.583 0.133 58.15 0.0 22.133 0.017 13.633 0.0 1.183 0.0 0.2 50.817 0.7 52.533 0.0 5.317 0.0 85.233 0.017 2.217 0.0 17.3 0.0 0.767 1.367 1.25 0.017 0.15 19.35 0.0 0.6 0.483 1.1 0.383 2.117 0.083 0.233 0.2 0.333 1.133 0.0 0.85 0.267 1.5 0.533 0.017 0.283 1.233 0.15 4.3 1.9 35.517 24.617	31
396	90	15	0.0	25
397	40 16 40 6 61 61 6 61 61	68	0.0 12.767 0.483 13.783 0.05 0.117 1.467 0.0 89.717	41
398	90	15	0.0	25
399	90 15 90	15	0.0 9.833 239.75	25
400	69	61	0.0	5
401	37	15	0.0	5
402	61 40 40 16 16 40 90 15 16 16 16 16 16 40 40 69 90 15 73 15 61 61 90	61	0.0 2.567 1.933 0.0 0.033 0.0 0.167 2.067 14.2 0.533 0.117 24.017 0.0 0.617 0.0 22.133 16.833 9.45 1.933 17.183 4.2 0.05 11.3	23
403	84 15 90 61 90 90 61 61 15	40	0.0 3.617 16.75 0.3 4.733 4.283 7.483 0.033 19.25	25
404	61 61 61 73 59 73	73	0.0 21.833 0.033 7.483 82.917 15.167	13
405	90 90	15	0.0 1.417	25
406	16	40	0.0	23
407	61 59	15	0.0 6.867	13
408	37	15	0.0	5
409	16 40 40 16	40	0.0 0.0 4.8 0.8	23
410	61 61 6 6 61 61	61	0.0 0.0 3.15 0.0 0.017 0.0	13
411	16 40 69 69 69	23	0.0 0.033 1.133 0.95 0.45	31
412	90 15 90 15 90 15 90	15	0.0 20.917 15.65 120.383 66.017 17.6 15.967	25
413	33 16	40	0.0 3.9	23
414	61 61 17	17	0.0 0.0 0.033	23
415	90 15 90 40 15 61 61 61	71	0.0 23.117 9.933 28.233 9.567 21.55 0.0 23.967	25
416	6 61 61 59	61	0.0 0.017 0.05 10.717	13
417	90	15	0.0	25
418	4 61	61	0.0 0.15	23
419	61 61 16 16 16 6 61 61 61 61 61	59	0.0 0.0 0.667 0.05 0.2 1.567 0.017 0.0 249.133 20.9 0.0	13
420	61 6 61 69 4 6 61 4 61 6 61 61 4 61 61 61	6	0.0 1.7 0.017 12.1 0.3 0.967 0.017 23.8 0.083 0.067 0.0 8.133 0.0 0.0 1.533 0.0	31
421	16 40	4	0.0 0.0	23
422	69 4 61 61 6	4	0.0 0.2 22.633 0.017 35.217	31
423	24 33	78	0.0 0.333	31
424	16 40 6	61	0.0 0.0 8.483	31
425	59 61 6	61	0.0 5.85 0.0	13
426	90	15	0.0	25
427	61 61 59 6 61 61 79 6 61	61	0.0 0.0 4.35 7.883 0.0 0.017 15.083 8.2 0.133	13
428	90 15	61	0.0 16.267	25
429	90	15	0.0	25
430	69 6 61 61 69 69 69	69	0.0 5.517 0.0 0.017 0.767 4.033 9.617	31
431	61 40 40	40	0.0 2.983 4.117	25
432	90	15	0.0	25
433	16	40	0.0	25
434	61 61 69	69	0.0 2.767 3.0	31
435	90	15	0.0	25
436	16	40	0.0	25
437	61 69 61	61	0.0 0.633 1.283	31
438	61 6 61 24	33	0.0 1.183 0.033 13.4	31
439	90	15	0.0	25
440	15 61 61 61 61 61 61	61	0.0 3.167 68.883 0.0 17.733 214.317 234.717	25
441	61 16 16 40	40	0.0 0.433 0.0 0.017	5
442	61 61 59 61 61	59	0.0 9.383 3.067 58.7 0.0	13
443	61 90 40	15	0.0 0.983 3.3	25
444	69	61	0.0	13
445	61 6	61	0.0 0.083	31
446	16	40	0.0	13
447	16 16 16	61	0.0 0.05 1.867	13
448	61 61	40	0.0 0.0	13
449	73 15 40 6 61 61 61 61 61 61 61 61 15 15 90	15	0.0 46.767 38.117 34.633 0.267 1.333 19.55 0.0 26.8 36.717 0.283 26.817 4.05 26.533 4.35	41
450	61 6 61 61 69 69 69	69	0.0 2.567 0.017 0.0 0.067 27.5 3.633	31
451	61 61 6	61	0.0 1.317 0.267	31
452	59	61	0.0	13
453	79 61 61	6	0.0 11.983 0.0	13
454	90	15	0.0	25
455	16 15 16 40 69 69 23 61	61	0.0 3.15 170.4 0.0 19.033 0.333 0.15 3.85	31
456	90 15 90	15	0.0 9.483 15.333	23
457	84	15	0.0	5
458	69 69 16 40 69 23	61	0.0 0.633 0.183 0.0 1.283 0.05	31
459	61 61 16 16 40 40 16 40 16 40 15 15 90 15 90	15	0.0 0.017 1.383 0.0 0.0 0.017 19.833 0.017 0.0 0.0 47.55 12.5 69.133 3.533 10.217	25
460	90 15 90 15 90	15	0.0 26.25 23.433 7.633 13.05	25
461	90	15	0.0	25
462	90 15 90	15	0.0 25.983 6.783	25
463	90	15	0.0	25
464	71 71	61	0.0 0.0	25
465	33 4 13 24	68	0.0 2.733 1.183 8.45	31
466	61 16 40 61	61	0.0 1.417 0.0 7.083	13
467	90	15	0.0	25
468	90 15 90 15 90 15 90	15	0.0 6.033 46.317 10.55 14.3 4.767 71.917	25
469	61 16 40	40	0.0 0.533 0.0	23
470	15 61	61	0.0 5.9	25
471	40 40 16 16	69	0.0 0.0 0.0 0.0	23
472	16 16 40 40 33 33 61	61	0.0 0.0 0.017 0.0 3.7 0.0 20.6	31
473	4 16	40	0.0 1.417	23
474	4 61 61 61 61 61 61 61	61	0.0 13.3 0.0 15.167 0.0 2.183 3.65 4.317	31
475	61 61 61 69 69	4	0.0 0.0 2.167 1.6 0.733	31
476	61 61	79	0.0 20.75	13
477	61 16	40	0.0 5.033	5
478	16 40 61	69	0.0 0.0 13.333	23
479	90	15	0.0	25
480	61 61	69	0.0 0.0	25
481	61 40 69 69 69	40	0.0 0.533 77.15 5.45 6.8	5
482	61 61 4 4 6 61 61 4 6	61	0.0 0.0 2.383 0.017 30.35 0.033 107.4 0.083 2.233	31
483	84 15 61 61 16	40	0.0 14.067 98.267 0.0 137.233	5
484	61 4 6 61 69 23 6	61	0.0 1.183 2.283 0.95 4.55 0.45 9.883	31
485	16 40 90	15	0.0 0.067 29.1	23
486	73 73 61 61 61 61 41	61	0.0 0.0 1.183 0.0 14.783 0.0 10.017	13
487	69 16 40 16 40 16 40 16 40 16	40	0.0 0.833 0.0 14.417 0.017 4.05 0.0 2.75 0.017 3.317	31
488	90 15 73	73	0.0 23.5 26.233	25
489	61 61 61 61 61 61 61 40	40	0.0 0.0 15.25 0.0 11.683 0.0 7.717 1.733	25
490	69 90	15	0.0 1.683	23
491	90 15 90 15 90	15	0.0 17.117 14.517 1.467 3.533	25
492	94 16	40	0.0 0.05	23
493	90 15 90	15	0.0 1.917 1.717	25
494	61 61 4 61 61 6	61	0.0 0.0 0.217 7.783 0.0 20.183	31
495	61	40	0.0	5
496	6 61 61	61	0.0 0.017 0.0	13
497	61 4 4 61 61 69 61 69	69	0.0 1.317 0.517 2.05 0.033 36.333 1.05 1.133	31
498	61 6	61	0.0 1.2	31
499	16 16 16 16 40 40	61	0.0 0.0 0.05 0.0 1.05 0.0	5
500	16 40 61	61	0.0 0.017 12.917	13
501	61 61 61 61	59	0.0 14.417 0.0 9.1	13
502	87 90	15	0.0 0.917	25
503	61 16 40 61 69 61	61	0.0 98.883 0.017 0.017 5.767 17.55	31
504	61 16 40 90 87	15	0.0 2.533 0.0 4.35 7.083	25
505	90 90	15	0.0 13.983	25
506	90	15	0.0	25
507	69	61	0.0	31
508	40 40 15 69 69 33 61 61 61 61 61 61 61 61 16 40 16 40 40	40	0.0 1.567 14.933 15.267 0.683 7.25 38.533 0.883 0.15 2.367 1.283 52.05 0.083 101.85 19.25 0.0 0.017 0.0 0.3	23
509	61 16 40 69	61	0.0 0.4 0.0 15.067	5
510	4 4 69	69	0.0 0.0 30.167	31
511	16 16 40 40 61 61 16	40	0.0 0.0 0.017 0.0 1.067 0.0 8.55	5
512	61 61 90 90 15 90 90	15	0.0 0.0 82.5 10.783 16.05 5.85 16.883	25
513	61 61 61 61 6 61	61	0.0 12.533 1.233 0.017 0.0 25.6	13
514	4 61	61	0.0 40.55	31
515	24 33 16 40 16 16	40	0.0 0.183 0.567 0.0 0.0 0.583	31
516	61	69	0.0	31
517	40	61	0.0	41
518	6 61 61 61	61	0.0 0.083 0.0 20.083	13
519	61	69	0.0	23
520	90 15 90	15	0.0 19.15 15.083	25
521	17 17 16 16 40 40 16 16 40 40 40 40 40 40 69 69 16 16 40 40 40 40 69 69 90 15 13 13 16 16 40 40 13 13 16 16 40 40 13 13 69 69 23	23	0.0 0.0 79.667 0.0 0.033 0.0 13.65 0.0 0.0 0.0 39.05 0.0 9.217 0.0 18.133 0.0 19.017 0.0 0.883 0.0 0.783 0.0 1.483 0.0 9.0 8.083 3.117 0.0 19.0 0.0 0.0 0.0 2.583 0.0 3.467 0.0 0.017 0.0 6.167 0.0 5.65 0.0 0.167	31
522	4 69	69	0.0 0.15	23
523	90 90 40 40 40 40 16 40	15	0.0 15.1 48.867 1.117 0.617 0.8 1.367 0.0	25
524	90 15 90 15 90 90 90 90 15 90 15 61 61 90 15 90 15 15 90 15 90 14 15 90 15 90 15 73	73	0.0 15.317 1.017 1.25 1.683 24.4 5.217 1.883 2.15 1.733 4.05 0.317 0.0 7.217 2.417 1.183 2.683 2.867 1.417 2.167 1.317 3.883 0.533 1.283 13.85 24.833 15.583 41.617	25
525	6 61	59	0.0 0.05	13
526	90	15	0.0	25
527	90 15 90	15	0.0 20.017 13.083	25
528	16 16 40 40 6 6 61 61 69 69 69 69 70 70 69 69 69 69 61 61 69 69 61	61	0.0 0.0 0.017 0.0 3.467 0.0 0.45 0.0 2.383 0.0 1.917 0.0 0.633 0.0 9.833 0.0 3.767 0.0 36.533 0.0 0.0 0.0 10.267	31
529	16 40 16	40	0.0 0.0 19.533	31
530	16	40	0.0	31
531	69 61 61 61 61	61	0.0 1.45 21.45 0.0 5.117	5
532	90	15	0.0	25
533	69 69 4 61	4	0.0 0.1 0.3 0.95	31
534	61 61 6 61 61 61 61 61 61 6 61 61 61 6 6 6 61 61 90 40 40 59 61	15	0.0 3.483 12.8 0.033 0.033 22.083 0.033 4.967 0.0 13.267 0.367 2.167 0.017 2.55 1.733 0.0 0.2 0.0 7.067 34.85 0.0 1.233 0.317	13
535	69 23 16	40	0.0 0.083 8.967	31
536	69 61 69 16	40	0.0 0.55 5.967 13.767	31
537	90 15 90	15	0.0 5.883 9.717	25
538	90 15 90 15 61 15 61 15 40 40 61 61 6 61 61 40 73 69 69 69 68 33 78 24 99	63	0.0 3.167 6.583 19.567 39.95 27.333 41.283 6.283 0.233 1.083 1.317 0.0 1.467 0.783 0.033 2.6 0.533 1.617 0.367 0.3 2.567 0.3 0.217 0.317 0.617	25
539	61 69	69	0.0 100.15	5
540	61 6 61 61	61	0.0 0.167 0.0 8.267	31
541	61 16	40	0.0 0.883	23
542	61 61 61 6 61 61	79	0.0 7.4 0.0 1.8 0.0 0.033	13
543	61 16 40 40 40 40 51 95 61 61 40 61	61	0.0 0.8 0.033 2.85 2.033 14.417 14.45 14.05 18.683 0.0 6.517 50.483	25
544	16 16 40 40 4 4 61 61 16 16 16 16 16 16 16 16 40 40 16 16 16 16 16 16 40 40 61 61 4 4 61	61	0.0 0.0 0.017 0.0 1.25 0.0 2.1 0.0 2.517 0.0 0.35 0.0 13.25 0.0 16.1 0.0 0.217 0.0 0.217 0.0 0.15 0.0 7.267 0.0 0.233 0.0 25.5 0.0 0.05 0.0 1.6	31
545	61 16 16 40 40 90 15 40 40 90 15 61 61 90 37	15	0.0 1.967 0.017 0.0 0.0 1.433 13.683 45.317 0.0 6.3 18.1 18.667 0.05 17.4 33.067	25
546	69 23	69	0.0 0.633	31
547	16 16 40 40 69 69 23 23 61	61	0.0 0.0 0.0 0.0 1.067 0.0 0.067 0.0 43.667	31
548	40 61 61 6 40 40 6 61 61 61	6	0.0 2.333 0.0 0.033 2.767 0.4 13.817 0.017 0.0 36.8	31
549	61 15 40 16 40	40	0.0 1.967 35.033 8.65 0.0	13
550	61	40	0.0	25
551	4 4 61 61 4 61 61 61	4	0.0 0.0 1.633 0.017 30.95 39.733 0.0 25.733	31
552	90	15	0.0	25
553	61 61 79	15	0.0 0.017 13.1	13
554	90 15 61 61 90	15	0.0 3.983 9.65 0.0 0.617	25
555	61 61 69 69 6 6 61 61 40 40 40 40 16 16 40 40 40 40 16 16 40 40 40 40 16 16 40 40 16 16 16 16 16 16 16 16 16 16 16 16 16 16 16 16 16 16 40 40 16 16 40 40 40 40 40 40 40 40 69 69 40 40 40 40 40 40 40 40 61 61 40 40 40 40 40 40 69	69	0.0 0.0 2.217 0.0 1.5 0.0 0.05 0.0 2.85 0.0 68.533 0.0 1.85 0.0 1.167 0.0 2.733 0.0 0.783 0.0 0.733 0.0 2.267 0.0 1.083 0.0 1.55 0.0 1.333 0.0 1.717 0.0 0.183 0.0 0.05 0.0 0.0 0.0 1.133 0.0 0.05 0.0 0.183 0.0 0.167 0.0 5.733 0.0 0.667 0.0 0.317 0.0 1.667 0.0 2.817 0.0 3.55 0.0 1.117 0.0 1.35 0.0 2.167 0.0 58.217 0.0 12.183 0.0 9.433 0.0 29.567 0.0 22.95 0.0 25.117 0.0 37.283	31
556	90 61 69	15	0.0 3.833 5.883	23
557	61 16 61 40 89 16 16 16 16	40	0.0 127.25 0.667 1.883 88.333 4.85 0.583 0.883 45.183	5
558	40 40 16 16 16 16 40 40 40 40 90 40 40	15	0.0 0.0 15.75 0.0 0.0 0.0 0.0 0.0 0.0 0.0 0.717 0.85 0.0	23
559	90	15	0.0	25
560	61 61 61 61 6 40 61 40 16 40 16 40 61 40 16 16 16 16 16 16 16 16 40 40 16 40 40 69 24 78 68 78	33	0.0 8.233 6.85 0.067 0.167 9.467 14.583 55.833 1.817 1.5 0.4 1.9 2.5 8.2 2.217 1.233 0.15 0.133 0.183 0.167 0.383 0.8 0.033 14.517 8.017 0.083 50.917 48.833 161.917 0.267 1.917 0.55	31
561	90	15	0.0	25
562	90 61 61 90 90	15	0.0 0.433 0.0 6.767 5.667	25
563	90	15	0.0	23
564	90	15	0.0	25
565	90	15	0.0	25
566	61 61 69 69 69 69 16 16 16 16 40 40 69	69	0.0 0.0 0.267 0.133 0.417 0.0 0.117 0.0 0.05 0.0 0.017 0.0 12.583	25
567	16	40	0.0	5
568	90 15 90 40 15 90 61 90 15 90 90 15 90 71 15 15 61	61	0.0 25.9 8.833 28.183 0.1 22.733 8.733 8.617 1.567 1.933 62.683 1.533 2.283 10.6 0.067 4.8 4.25	25
569	90 61	15	0.0 59.017	25
570	90	15	0.0	25
571	6 61 61	59	0.0 0.017 0.0	13
572	69 70 69 69	61	0.0 0.117 1.7 0.0	23
573	90	15	0.0	25
574	61 69 61 69 16 90 13 90 69	15	0.0 14.483 0.217 2.583 2.8 32.6 1.233 6.633 2.3	23
575	90 15 90	15	0.0 5.7 3.133	25
576	90	15	0.0	25
577	61 61 90	15	0.0 0.0 0.1	25
578	15 90 15 90	15	0.0 10.1 15.15 8.0	25
579	61 61 4 61	61	0.0 0.0 0.183 6.467	31
580	16	40	0.0	5
581	61 61 61 61 69 69 69 69 69 69 23 23 61 61 61	61	0.0 0.0 4.083 0.0 1.533 0.0 22.95 0.0 0.667 0.0 0.067 0.0 0.683 0.0 25.883	31
582	40 69 69 70 70 70	70	0.0 4.067 4.9 0.133 2.917 0.017	5
583	61 61 73 73 16 16 40 40 16 40 16 40 6 61 61	59	0.0 0.0 34.3 0.0 27.95 0.0 0.933 0.0 0.117 0.017 0.017 0.0 2.15 0.05 0.0	13
584	40 16 61	61	0.0 0.0 31.25	31
585	16 40 69 23 61	61	0.0 0.083 13.567 0.067 24.867	31
586	61	79	0.0	13
587	61 61 61 90	15	0.0 6.733 2.033 0.283	25
588	16 16 40 40 69 69 69 69 69	69	0.0 0.0 0.0 0.0 6.967 0.0 14.0 0.0 7.983	31
589	61 79 6 61 6	61	0.0 1.9 106.65 0.0 0.0	13
590	61 61 69 17 4 69 61 6	61	0.0 0.0 5.267 0.283 1.117 2.233 23.6 0.117	31
591	90	15	0.0	25
592	90 15	61	0.0 1.517	25
593	61 61 61 61 40 40 40	40	0.0 0.0 2.55 0.0 6.6 0.0 0.1	23
594	90 87 15 90	15	0.0 5.367 4.55 23.683	25
595	61 61 90 15 15 90	15	0.0 5.0 113.4 16.65 3.15 3.1	25
596	90	15	0.0	25
597	90	15	0.0	25
598	16 40 69 61 61 6 61 61 61 69 4 61	61	0.0 0.0 1.667 6.667 0.017 6.6 0.1 0.017 1.133 7.25 2.033 0.3	31
599	90	15	0.0	25
600	90	15	0.0	25
601	61 70 70 69	69	0.0 35.0 0.067 38.65	5
602	61 61 61 61 61 61 69 69 61	61	0.0 0.0 46.883 0.0 25.067 0.0 0.283 0.0 49.667	31
603	6 61 61 40 59 61 6	61	0.0 0.033 0.0 7.25 2.4 49.817 8.583	13
604	16 16 40 40 90 15 90	15	0.0 0.0 0.183 0.0 58.483 28.15 4.533	25
605	61 6 61	63	0.0 0.183 0.267	13
606	16 40	16	0.0 0.017	23
607	61 61	4	0.0 0.0	23
608	61 16 16 40	40	0.0 15.967 0.0 0.0	5
609	61 61 6 61 61	59	0.0 0.0 0.017 2.1 0.0	13
610	69 69 69 69 16 16 16 16 16 16 40 40 40 40 90 15 15 40 40 40 40 61 61 61	61	0.0 9.833 6.883 0.0 11.883 0.017 0.6 0.017 0.067 0.0 0.167 0.0 63.567 0.0 1.533 19.85 21.483 21.433 0.0 55.35 7.833 4.317 12.85 4.367	5
611	16 40 61 37	15	0.0 0.0 6.367 27.517	23
612	16 40 90	15	0.0 0.017 22.133	23
613	14 61	61	0.0 4.15	25
614	61 16 40 40 69 78	33	0.0 2.567 0.017 3.05 28.233 13.783	31
615	6 61	15	0.0 0.267	41
616	69 69 4 61 4	61	0.0 0.283 0.633 0.867 3.733	31
617	61 61 61 61 61 61 61 59 59 61 61 61 6 61	61	0.0 0.0 30.65 2.567 0.0 9.083 0.067 2.183 0.0 0.55 0.0 11.917 0.05 6.35	13
618	61 61 61 61 61 61 16	40	0.0 0.0 4.317 0.0 13.833 0.0 6.3	25
619	16	40	0.0	23
620	61 6 61 61 59 61 6 61 59	61	0.0 0.033 0.0 31.65 3.7 18.767 1.55 0.0 1.583	13
621	90 90	15	0.0 7.817	25
622	90 15 90 15 90	15	0.0 41.65 2.017 3.4 101.517	25
623	16 16 40 40 61 61 4 4 4 4 4 4 4	4	0.0 0.0 0.0 0.0 2.0 0.0 2.433 0.0 2.783 0.0 5.767 0.0 2.05	23
624	90	15	0.0	25
625	69	23	0.0	23
626	84	15	0.0	5
627	73 73 61 61	6	0.0 0.0 1.167 0.0	13
628	61 61 61 61 13 13 16 16 40	40	0.0 0.0 9.133 0.0 0.467 0.0 10.433 0.0 0.35	23
629	61 61 59	61	0.0 0.0 7.517	13
630	84	15	0.0	25
631	61 61 61 59 61 61	61	0.0 40.167 0.0 6.533 8.067 0.0	13
632	61 69 69 16 40 61 16	40	0.0 20.733 0.0 1.55 0.0 7.35 0.1	23
633	91 69 23 61	61	0.0 8.3 0.183 20.45	25
634	16 40 16	40	0.0 0.0 36.383	23
635	16	40	0.0	5
636	40 16 16 16 40 40 16 16 16 16 16 61 69 23 68 24 16 40 69 61	61	0.0 2.983 0.067 0.083 0.617 0.417 0.167 0.083 0.033 0.117 0.117 1.983 20.933 0.117 267.967 3.05 0.583 0.0 12.333 9.5	31
637	61 59	61	0.0 0.0	13
638	73 73 61 61	59	0.0 0.0 11.967 0.017	13
639	61 61 40 40 61 61 61 61 61	61	0.0 0.0 3.45 0.0 12.4 0.0 14.45 0.0 2.15	13
640	61 61 16	40	0.0 4.2 2.3	23
641	90	15	0.0	25
642	51 51 51 51 59 6 6 61 61 61 61 79	69	0.0 0.0 0.017 0.0 0.267 4.0 0.0 0.017 0.0 40.867 0.0 0.367	13
643	40	61	0.0	25
644	16 40 69	61	0.0 0.067 16.667	5
645	6 16 16	61	0.0 0.883 1.617	13
646	90	15	0.0	25
647	90 15	61	0.0 35.95	25
648	6	61	0.0	13
649	4 69	69	0.0 13.267	31
650	90	15	0.0	25
651	61	40	0.0	5
652	90 15 90	15	0.0 5.0 12.017	25
653	15 61 61 90	15	0.0 16.433 97.383 4.25	25
654	61 61	4	0.0 0.0	31
655	37 15 16	40	0.0 10.733 47.167	5
656	16	40	0.0	13
657	90 15 90	15	0.0 12.7 4.167	25
658	40 90 15 40 40	61	0.0 9.867 4.483 22.917 0.817	23
659	61 61 61	69	0.0 1.583 0.017	31
660	61 61 4	61	0.0 0.0 0.967	31
661	6 61	61	0.0 0.017	13
662	37	15	0.0	13
663	61 90 40 90 15 13 90 15 90 15 90 15 61 61 61 61 61 90 15 90	15	0.0 0.75 1.717 19.883 6.35 2.233 19.05 3.1 4.417 1.6 5.9 7.633 30.85 0.1 16.767 0.033 1.617 35.117 10.85 11.567	25
664	90 15 90	15	0.0 3.2 2.7	25
665	61 61 16 40 16 16 16 16 16 16	16	0.0 43.217 1.017 0.5 1.517 0.067 0.033 0.017 0.167 2.483	13
666	90 15 90 15 16 40 16 40 16 61 61 90 90 15 16 40 16 40 16 40 40 15 90	15	0.0 1.817 13.167 20.8 24.65 0.0 0.05 0.0 0.1 10.55 3.633 1.683 8.45 5.35 9.833 0.083 6.6 0.083 0.333 0.0 0.367 32.65 1.6	25
667	90	15	0.0	25
668	61 61 61 61 90	15	0.0 0.0 73.483 0.017 23.45	25
669	16 16 40 40 16 16 40	40	0.0 0.0 0.0 0.0 0.0 0.0 0.0	23
670	61 61 61 61 16 40 16 40	69	0.0 0.0 11.9 0.0 0.483 0.0 0.0 0.0	23
671	61 6 4 61 4 61 61 4 61 61	4	0.0 0.633 1.417 26.533 3.983 3.017 0.0 17.0 1.3 0.0	31
672	16 40 15	61	0.0 0.0 6.333	23
673	61 61 16 16 16 16 90 6 61 61 15 6 61 6 61 6 6 61 61 69	69	0.0 19.267 1.15 0.0 1.433 0.033 15.167 0.917 0.017 0.017 5.783 2.733 0.0 0.0 0.033 24.583 0.0 0.067 0.0 0.3	13
674	40	16	0.0	31
675	90 16 40 15	61	0.0 12.017 0.0 9.717	25
676	73 73 61 6 61	59	0.0 0.0 2.583 0.133 0.15	13
677	69 69 61 61 61	61	0.0 0.0 34.85 0.0 1.333	23
678	69 69 23	23	0.0 0.0 0.05	31
679	90 14	15	0.0 2.9	25
680	4 4 16 40 61	61	0.0 0.0 0.033 0.017 10.7	31
681	90	15	0.0	25
682	61 61 6 61	61	0.0 0.0 1.5 0.033	13
683	90 15 90	15	0.0 6.65 5.05	25
684	90 15 90	15	0.0 16.267 10.867	25
685	61 90 15 61 90 15 90 15 61	61	0.0 0.383 5.817 63.717 13.917 5.25 12.8 4.5 1.233	25
686	90 15 90	15	0.0 8.667 17.483	25
687	59 61 61 61	61	0.0 5.667 0.0 44.617	13
688	61 61 69	69	0.0 0.0 28.983	23
689	4 4	61	0.0 0.0	23
690	16	40	0.0	5
691	61 6	61	0.0 0.033	13
692	16 40 69	69	0.0 0.017 6.683	5
693	61 90	15	0.0 1.033	25
694	61 6 61 16 40 69	23	0.0 1.067 0.333 0.333 0.0 25.8	31
695	16 16 16 16 6	61	0.0 0.0 8.1 0.017 55.35	13
696	69 69 69 16 40 16 40 16 16 16 16 40 16 40 16	40	0.0 1.1 97.583 32.783 0.0 2.683 0.883 0.1 21.75 0.05 0.433 0.233 20.733 0.0 12.567	5
697	90	15	0.0	25
698	61	69	0.0	23
699	90	15	0.0	25
700	16 40 69 40 90 61 69 15 40 90 15 90 15 61 73 61 90 40	15	0.0 0.017 2.117 43.9 1.733 0.6 95.05 0.067 8.683 5.633 18.033 5.917 19.3 12.55 0.717 1.783 4.45 0.133	23
701	69 4 61 61 61 4	61	0.0 0.0 28.533 0.017 65.75 0.517	31
702	6	61	0.0	13
703	90 61 61	15	0.0 20.067 0.0	25
704	90	15	0.0	25
705	73 73 61	61	0.0 0.0 1.817	13
706	61 69 69 69 23 23 69	69	0.0 0.383 0.0 0.0 0.0 0.0 10.017	23
707	40	61	0.0	31
708	61 61 90	15	0.0 0.0 3.667	25
709	61 61 59 73 16 40 61 61 59	61	0.0 0.0 1.2 61.783 2.65 0.25 60.25 0.0 3.233	13
710	4 4 17 69 17 6	61	0.0 0.0 2.85 0.783 0.35 0.517	31
711	17 4	69	0.0 7.483	31
712	90 15 61 90	15	0.0 2.05 18.017 1.55	25
713	61 16 40 16	40	0.0 4.55 0.0 11.25	31
714	61 4 61 61	4	0.0 0.183 2.467 0.017	31
715	61 90 69 61 15 61 61 90	15	0.0 15.667 7.4 57.983 29.15 20.8 0.0 18.583	23
716	6 61	61	0.0 0.1	31
717	90 15 90 15 90 90 90 90 90 40 61 15 15 90	15	0.0 18.5 34.067 7.15 2.45 2.767 1.85 3.733 1.817 8.517 20.517 3.417 3.417 1.283	25
718	90	15	0.0	25
719	6 61 61 61	40	0.0 0.0 0.067 88.7	13
720	90 15 90 15 90 15 90 90 15 90 15 90 15 90 15 90	15	0.0 10.7 14.667 18.75 1.467 1.233 2.933 14.283 17.767 4.5 2.15 15.833 7.683 17.833 17.8 4.967	25
721	69 69	70	0.0 4.85	23
722	61 69 40 40 90	15	0.0 3.0 3.617 91.867 51.4	25
723	16	40	0.0	25
724	69	23	0.0	31
725	90	15	0.0	25
726	69	61	0.0	31
727	61 16 16 40 40 69	61	0.0 37.983 0.017 0.0 0.0 0.667	23
728	59	73	0.0	13
729	90	15	0.0	25
730	73 73 90 61	15	0.0 0.0 0.017 0.55	25
731	69 69 69	70	0.0 1.433 1.0	5
732	4 61	61	0.0 1.35	31
733	61 61 4 90 61 61 16 16	16	0.0 0.0 0.4 7.35 5.15 0.0 10.533 0.133	23
734	90 15 61 61 61 61 61	15	0.0 42.783 15.25 122.283 15.633 0.0 9.267	25
735	90 61	15	0.0 57.4	25
736	61 61 16 16 40 40 69 69 69 69 70 70 69	69	0.0 0.1 2.117 0.0 0.0 0.0 30.917 0.0 0.167 0.017 7.05 0.0 0.067	5
737	90	15	0.0	25
738	61 69	61	0.0 13.033	41
739	61 61 90	15	0.0 0.0 0.65	25
740	61 61 61 61 61 90 61 61 51 61	15	0.0 1.0 0.0 12.55 0.0 4.267 0.15 0.0 30.75 6.45	13
741	61 69 61 61 6 61	61	0.0 0.15 1.483 0.033 17.3 0.0	31
742	90 40 15 15 15 84 15 61 90 15 15 90 15 90 87 15 90	15	0.0 0.033 5.1 14.633 2.433 23.183 3.233 15.367 14.833 7.633 37.05 1.217 1.017 3.75 0.133 6.917 245.15	25
743	23	61	0.0	25
744	4 6 61	61	0.0 1.85 0.05	31
745	4 61 61 16 40 15 16	40	0.0 0.3 0.0 1.4 0.0 41.283 29.283	23
746	61 61 6 61 61 61	61	0.0 2.25 0.0 9.65 0.05 13.283	13
747	90 15 61 16 40	40	0.0 41.933 14.483 5.583 0.0	25
748	59 61	61	0.0 34.033	13
749	90 16 40 87 69 23 15 90 15 90 15 90 15 15 90 40 16 40 61	15	0.0 2.517 0.017 2.917 2.1 0.2 8.017 2.783 1.733 27.767 1.867 3.183 52.5 7.933 39.183 12.383 6.667 0.0 17.717	25
750	69 69	61	0.0 0.567	31
751	61 61 40 61 61 61 40 40 87 40 90 61 61 69 23 15 90 15 90 90 15 90 15 15 90 15 90 15 90 15 90 15 90 15 90	15	0.0 0.033 1.367 48.65 0.0 1.85 3.3 0.55 7.15 184.883 1.05 2.033 0.083 5.7 0.217 1.017 3.583 1.3 3.683 17.85 17.25 1.1 30.067 6.333 2.0 13.317 1.533 4.7 76.667 6.033 8.95 3.417 2.633 3.2 2.933	25
752	61 6 40	17	0.0 77.55 26.4	31
753	73 6 61 61	61	0.0 6.417 0.033 0.0	13
754	15	90	0.0	23
755	84	15	0.0	31
756	90 15 90 15 90 15 90 61 61 40 69	15	0.0 7.117 2.05 6.9 5.217 5.683 12.65 20.083 9.383 5.9 7.75	25
757	16	40	0.0	25
758	40 40 61 61	61	0.0 0.433 22.367 12.1	25
759	40 79	59	0.0 98.1	13
760	15 90 15 90	15	0.0 16.417 10.9 8.433	23
761	61 61	69	0.0 0.0	23
762	90 15 90	15	0.0 10.9 4.167	25
763	73 40 40 61	61	0.0 1.183 0.017 13.6	13
764	16	40	0.0	25
765	40 61 40 90	15	0.0 60.133 0.333 2.3	25
766	73 73 40 73 16 40 37 15	15	0.0 0.0 6.85 16.35 0.7 0.1 8.383 1.183	41
767	16 40 69 69 40 69	69	0.0 0.0 72.75 147.483 1.1 10.35	23
768	69 69 4 61 61 6 16	40	0.0 0.417 0.3 0.517 0.05 0.0 11.733	31
769	61 61 61 16	40	0.0 0.0 2.183 0.883	23
770	73 73 61	61	0.0 0.0 1.433	13
771	61 90 15 90 15 90 15 61	61	0.0 108.367 11.883 2.367 9.133 2.033 3.567 31.0	25
772	61 16	40	0.0 9.067	25
773	40 40 61	59	0.0 0.017 6.083	23
774	40 90 15	69	0.0 0.117 5.55	23
775	90	15	0.0	25
776	61 16 16 16 40 40 90 79 15 90 15 16 16 40 16 40 40 40 16 16 6 61 61 79 6 61	61	0.0 18.517 0.017 4.583 0.25 0.567 0.7 4.3 35.517 44.9 44.1 25.417 1.683 1.567 1.833 0.267 0.15 0.167 0.7 0.183 4.267 0.017 0.017 11.017 55.517 0.017	13
777	16	40	0.0	23
778	6 61	61	0.0 0.017	13
779	73 6 61 61 61	61	0.0 90.15 0.05 0.767 38.333	13
780	90 61 61 15 90 15 61 90 16 16 40	15	0.0 10.183 0.0 30.3 1.883 1.367 13.8 49.467 13.383 0.15 0.267	25
781	16 40 69 69 23 69	23	0.0 0.0 9.1 0.317 0.217 0.983	23
782	69	61	0.0	23
783	69 61	61	0.0 17.083	5
784	90 15 90	15	0.0 8.433 8.333	25
785	90 15 90 15 61 90	15	0.0 8.0 11.767 8.267 31.2 126.983	25
786	90	15	0.0	25
787	33	69	0.0	31
788	61 84	15	0.0 15.733	23
789	90	15	0.0	25
790	40 40 69	69	0.0 0.0 0.217	23
791	6 61 61	59	0.0 0.183 0.0	13
792	16 16 16 40 16 40 40	40	0.0 0.017 6.8 1.267 10.533 0.583 0.967	41
793	4 61 6	61	0.0 3.0 0.067	31
794	61 61 79 61	61	0.0 0.0 10.217 21.733	13
795	90 15 90	15	0.0 18.8 6.9	25
796	6 61	61	0.0 0.033	13
797	61 16	40	0.0 2.883	23
798	16 40 51 40	40	0.0 0.05 3.4 9.3	13
799	16 40 61	63	0.0 0.0 0.15	13
800	90 61 61 16 40 15 90 15 15 90 15 37 15 61 84 15 90 87 15 90 16 40 16 40 40	15	0.0 3.7 0.0 0.1 0.0 27.8 4.633 1.517 1.333 7.967 2.517 2.9 2.15 8.617 1.033 7.55 1.767 52.383 9.667 3.583 25.967 0.0 0.65 0.0 0.083	25
801	90	15	0.0	25
802	16	40	0.0	25
803	61 16 40 90 15 90 15 15 40 90 15	40	0.0 0.883 0.017 4.8 25.117 5.7 2.117 12.717 54.017 8.95 38.3	25
804	61 61 40 90 15 61 90 59 16 15	61	0.0 0.0 12.483 3.483 6.767 12.283 5.233 1.533 12.567 5.267	13
805	61 61 61 61 61 59 6 61 61 61 61 6 61 61 61 61 61 61 61 61 61 61 61 61	61	0.0 0.0 56.25 13.4 0.0 15.483 21.833 0.017 0.067 4.533 0.183 3.983 0.0 4.067 1.533 8.767 0.0 22.5 17.65 0.0 82.117 89.283 63.783 0.0	13
806	61	40	0.0	25
807	90	15	0.0	25
808	61	24	0.0	31
809	61 61 61 13 16	40	0.0 0.0 11.45 2.633 0.2	23
810	90 15 90	15	0.0 13.45 1.967	25
811	61 61 16	40	0.0 0.0 6.733	25
812	61 61 61 16 40 69	69	0.0 0.15 32.033 1.333 0.0 7.6	23
813	90 15 90	15	0.0 8.567 16.017	25
814	61 90 87	15	0.0 2.033 1.517	25
815	90 15 90 15 90 90 15 15 15 90 4 4 61 61 16 40 15 90 15 90 15 90 15 90 16 40 15 90 15 90 61 61 15	61	0.0 21.233 7.9 1.567 5.617 1.95 1.233 2.417 1.217 2.967 13.35 0.0 0.733 0.067 0.133 0.0 41.217 4.45 7.35 12.533 4.033 2.217 1.8 25.0 17.433 0.05 4.417 5.483 16.483 8.083 1.117 0.0 11.85	25
816	15 61 61 90 16 16 40 40 15 90 61 51 51 15 61 61 90 14 15 90 15 90 15 90 15 90 69 69 15 84	15	0.0 1.433 0.0 0.1 6.8 0.0 0.0 0.0 0.75 14.367 1.483 1.283 0.017 11.917 48.65 1.983 8.317 4.633 1.217 9.483 3.933 1.383 4.633 4.017 3.167 2.433 2.5 0.017 11.467 7.283	25
817	40	69	0.0	23
818	61 13 90 13 15 15 15 33 40 61 90 15 40 15 15 15 15 90 15 15 90 15 90 15 90 40 15 15 90 40 15 40 40 90 15 69 90 61 15 61 90 15 90 16 40 40 15	40	0.0 0.15 2.083 0.15 9.75 2.517 1.1 13.167 21.217 9.467 10.5 9.617 58.683 1.917 4.433 2.3 2.433 2.033 1.167 1.817 2.867 1.783 1.217 2.333 1.733 3.583 3.167 4.283 2.617 1.067 6.067 0.083 2.883 0.1 1.267 65.483 16.1 2.533 1.333 6.0 6.483 4.367 6.983 1.233 0.017 0.633 3.95	23
819	16	40	0.0	23
820	59 59 6 6 61 61	61	0.0 0.0 5.9 0.0 0.017 0.0	13
821	90	15	0.0	25
822	16 40 16 40 61	61	0.0 0.0 0.0 0.017 1.917	5
823	61 61 6 61	59	0.0 0.0 0.0 37.917	13
824	90 15 90 15 61	69	0.0 18.75 2.75 6.25 32.1	25
825	90 61 16 40 15 40 90 16 40 40 15 90 15 40 61 40 90 40 40 40 15 40 40 13 90 15	61	0.0 59.117 1.6 0.0 1.417 2.083 19.983 3.167 0.0 0.217 6.95 13.7 1.967 23.367 10.6 0.417 5.383 6.367 1.5 2.817 1.133 4.317 2.867 0.783 15.817 15.233	25
826	69 69 69 16 16 40 40 69	69	0.0 1.083 0.0 0.25 0.0 0.0 0.0 8.85	5
827	6 61	61	0.0 0.0	13
828	90	15	0.0	25
829	4 4 69 69 69 69 61 61 69 69 61 61 69 69 69 69 61 61 4	4	0.0 0.0 0.717 0.0 1.333 0.0 3.283 0.0 2.85 0.0 6.933 0.0 11.65 0.0 16.25 0.0 0.533 0.0 0.3	31
830	90 15	4	0.0 19.8	31
831	61	69	0.0	23
832	90	15	0.0	25
833	90	15	0.0	25
834	16 16 40 40 90 14 61	15	0.0 0.0 0.0 0.0 0.133 2.767 5.983	25
835	15 15 90 15 90 61 16 40 15 40 33 61 61 61 24 61 61 61 61 61 61 61 68 24 68 61 90 61 15 61 61 90 61 61 15 61 61 16 40 99 6 61	61	0.0 28.35 12.867 1.033 7.533 8.267 1.567 0.0 0.417 9.133 21.867 30.45 0.0 25.8 0.367 3.017 0.0 3.583 1.033 0.0 2.05 37.317 0.15 0.267 0.067 40.333 2.217 1.95 15.067 0.45 0.0 2.117 10.267 0.017 0.283 8.75 0.033 61.933 0.0 31.183 6.7 0.983	25
836	90	15	0.0	23
837	90	15	0.0	25
838	40 40 69 69 61 61 16 40 16	40	0.0 0.017 0.15 0.0 33.417 93.2 1.017 0.0 0.017	5
839	90	15	0.0	25
840	16 40 90	15	0.0 0.067 171.083	25
841	61 59 73 73 61 30 30 30 61 61 73	73	0.0 8.283 8.967 0.0 20.267 3.083 0.0 0.617 1.267 0.017 4.683	13
842	59 40 84 86	15	0.0 9.883 11.15 3.8	13
843	16 40 61 60 61 61 60 61 61 61	4	0.0 0.0 0.2 0.567 1.8 0.05 0.033 1.183 40.883 0.0	31
844	4 4 61	61	0.0 0.0 14.45	31
845	61 69 4 6 61	61	0.0 18.367 0.55 0.733 0.05	31
846	16	40	0.0	31
