session_id	item_id_seq_test	item_id_test	interaction_time_delta_train
0	61 61	6	0.0 0.0
1	61 61 79 61	61	0.0 0.0 10.217 21.733
2	90	15	0.0
3	40 61 73 61 73 90 61 15 90 15 90 90 15 16 40 90 15 90	15	0.0 0.433 0.317 0.883 0.183 1.55 2.033 19.75 1.717 3.333 3.7 1.933 19.267 19.533 0.0 13.25 16.817 36.383
4	90 15	61	0.0 19.317
5	90	15	0.0
6	90 15 90	15	0.0 10.433 3.267
7	61 61 40 61 79 6	61	0.0 0.0 3.9 127.3 16.5 20.1
8	73 61 61 16 40	61	0.0 3.083 0.0 0.183 0.0
9	69 69 61	61	0.0 0.067 15.167
10	61 6	61	0.0 0.0
11	16 40 61	63	0.0 0.0 0.15
12	69	61	0.0
13	90	15	0.0
14	90	15	0.0
15	90	15	0.0
16	40 40 6 61	61	0.0 0.017 25.183 0.033
17	61 61 73 73 16 16 40 40 16 40 16 40 6 61 61	59	0.0 0.0 34.3 0.0 27.95 0.0 0.933 0.0 0.117 0.017 0.017 0.0 2.15 0.05 0.0
18	16 16 40	40	0.0 0.0 0.0
19	61 61 6 61 61 61	61	0.0 2.25 0.0 9.65 0.05 13.283
20	90 15 90 15 16 40 16 40 16 61 61 90 90 15 16 40 16 40 16 40 40 15 90	15	0.0 1.817 13.167 20.8 24.65 0.0 0.05 0.0 0.1 10.55 3.633 1.683 8.45 5.35 9.833 0.083 6.6 0.083 0.333 0.0 0.367 32.65 1.6
21	40	61	0.0
22	90	15	0.0
23	61 16 40 61	61	0.0 1.417 0.0 7.083
24	61 61 4 4 61	61	0.0 0.0 3.95 45.717 2.283
25	90	15	0.0
26	61 61 69 69 69 69 16 16 16 16 40 40 69	69	0.0 0.0 0.267 0.133 0.417 0.0 0.117 0.0 0.05 0.0 0.017 0.0 12.583
27	69	23	0.0
28	69 61 61 61 69 61 61 61 61 61 61 61 61 69 61 61 61 61 61 61 61 61 61 69 61 61 61 61 61 61 61 61 69 61 61 61 61 61 61 61	61	0.0 17.317 5.35 0.0 1.967 0.017 8.4 13.533 12.067 0.0 11.7 0.0 8.133 5.45 0.1 8.717 1.3 0.0 23.917 12.317 5.4 0.0 2.167 2.367 0.05 2.467 13.283 0.0 12.6 13.15 13.617 0.0 15.417 0.0 11.167 2.667 3.067 0.0 8.833 6.967
29	69 69 16 16 40 40 16 16 40	40	0.0 0.0 0.933 0.0 0.017 0.0 0.0 0.0 0.0
30	16 40 84 84 37 61	15	0.0 0.0 20.417 1.383 1.1 3.883
31	16	40	0.0
32	33 40 16 13 6 61	61	0.0 0.167 0.0 0.983 9.183 0.017
33	90 15 90 15 90 15 15 90 15 90 15 90 15 90 90 15 90 15 90	15	0.0 27.333 19.633 30.867 1.5 2.283 3.333 3.433 12.1 12.65 5.283 4.233 1.117 2.667 8.7 32.117 1.833 35.367 93.067
34	40 40 61 61	61	0.0 0.433 22.367 12.1
35	61 61 69	23	0.0 0.067 1.767
36	90	15	0.0
37	73 16 40 61 90 15 15 90 15 15 90 90 15 90 15 90 90 15 15 90 15 90	15	0.0 0.683 0.0 0.3 0.767 12.883 2.1 2.583 7.45 37.567 1.383 1.9 1.067 29.483 6.967 8.45 8.883 5.0 4.7 1.183 2.2 17.9
38	37	15	0.0
39	90 84 15 84 37 15	61	0.0 9.267 13.2 4.1 1.717 5.167
40	90 69 15 90 15 90 61 61	15	0.0 20.1 1.133 4.133 4.7 8.317 6.883 0.033
41	59 61	61	0.0 34.033
42	90	15	0.0
43	61 40 40 13	61	0.0 9.217 4.333 11.5
44	61 61 6	61	0.0 0.0 0.0
45	16 40 61 60 61 61 60 61 61 61	4	0.0 0.0 0.2 0.567 1.8 0.05 0.033 1.183 40.883 0.0
46	90 61 61 40 15 40 40 40 40 90	15	0.0 59.567 0.0 2.533 2.05 3.667 0.2 0.683 0.15 152.483
47	61 16 40 16 40 40 90 16 40 16 40 16 40 37 90	15	0.0 0.467 0.0 3.95 0.333 3.167 3.967 1.833 0.0 0.133 0.017 12.45 0.017 5.517 4.133
48	61 61	40	0.0 0.0
49	90	15	0.0
50	40 40 61 61 61 61 61 40	40	0.0 0.65 5.6 0.033 110.55 0.0 4.983 12.433
51	40	91	0.0
52	90	15	0.0
53	69 69 69 16 16 40 40 69	69	0.0 1.083 0.0 0.25 0.0 0.0 0.0 8.85
54	90	15	0.0
55	73 73 61 61	59	0.0 0.0 11.967 0.017
56	16 40 61 61	69	0.0 0.0 11.1 0.0
57	69 69 69	70	0.0 1.433 1.0
58	84	15	0.0
59	61	63	0.0
60	61 61	6	0.0 0.0
61	73 40	40	0.0 1.2
62	90	15	0.0
63	61 69 69 69 23 23 69	69	0.0 0.383 0.0 0.0 0.0 0.0 10.017
64	40 90 15	69	0.0 0.117 5.55
65	33 4 13 24	68	0.0 2.733 1.183 8.45
66	90	15	0.0
67	61 30 59 59 30 30 61 61 61 61	61	0.0 1.15 0.183 0.017 62.2 0.383 7.05 0.017 21.633 19.033
68	16 40 69 69 40 16 40 40 40 69 69 61 16 40 61 15 84 40 16	15	0.0 0.0 80.217 0.067 71.95 126.783 0.0 2.25 2.033 34.417 1.0 16.733 0.767 0.0 11.2 0.817 12.983 0.917 34.783
69	61 61 90 40 15	61	0.0 6.95 9.017 4.133 30.917
70	16 40 69 23 61	61	0.0 0.083 13.567 0.067 24.867
71	61 90 40 15 61 90	15	0.0 0.417 5.417 17.667 1.45 2.083
72	90	15	0.0
73	90 40 15 90 61 15 90 51 15 90 15 90 15 90 71 71 61 61 90 15 90 15 15 15 40 40 15 40 90 15 61 61 90 61	15	0.0 15.75 5.983 20.5 0.283 22.817 1.383 11.65 0.083 7.683 1.05 3.167 3.433 3.433 6.917 2.983 0.0 0.25 1.4 2.95 4.417 7.717 4.217 5.583 0.683 0.2 11.983 12.667 27.5 18.0 3.967 0.0 121.2 0.2
74	90	15	0.0
75	90 15 90 15 15 90 90 15 90 15 90 15 90 15 90	15	0.0 8.633 3.95 3.483 12.6 7.3 14.383 2.167 6.217 8.6 56.117 13.417 49.517 5.483 16.75
76	90	15	0.0
77	16	40	0.0
78	90 15 15 61 16 40 61 61 99 61 61 61 61 61 61 61 61 61 15 15 61 61 61	61	0.0 20.233 24.833 18.267 0.183 0.017 17.733 0.0 24.767 19.017 4.117 28.433 5.867 0.0 6.183 6.333 0.0 33.983 67.967 7.417 5.117 0.033 25.35
79	69 69 16 40 69 23	61	0.0 0.633 0.183 0.0 1.283 0.05
80	61 6 61 24	33	0.0 1.183 0.033 13.4
81	90 15 90	15	0.0 12.7 4.167
82	61	69	0.0
83	73 73 61 6 61	59	0.0 0.0 2.583 0.133 0.15
84	61 61	43	0.0 0.2
85	59 40 84 86	15	0.0 9.883 11.15 3.8
86	73 40 40 61	61	0.0 1.183 0.017 13.6
87	16 40 69 69 23 69	23	0.0 0.0 9.1 0.317 0.217 0.983
88	61 61 69 69 69 69 17 17 17	17	0.0 0.0 1.333 0.0 0.133 0.0 0.05 0.0 0.783
89	61 6 61 61	61	0.0 0.167 0.0 8.267
90	61 61 61 61	59	0.0 3.567 52.633 0.0
91	61 16 40	61	0.0 0.0 0.0
92	61 40 40	61	0.0 0.4 7.017
93	90 16 16 40 40 15 90 69 23	15	0.0 6.017 0.0 0.0 0.0 15.25 4.133 3.1 0.033
94	16 16 40 40 16 16 40	40	0.0 0.0 0.0 0.0 0.0 0.0 0.0
95	90 15 90	15	0.0 5.117 20.217
96	90 15 90 40 15 90 61 90 15 90 90 15 90 71 15 15 61	61	0.0 25.9 8.833 28.183 0.1 22.733 8.733 8.617 1.567 1.933 62.683 1.533 2.283 10.6 0.067 4.8 4.25
97	61 6 61 61 59 61 59 73 6 61 61 61 6	61	0.0 5.2 0.0 0.017 1.917 28.65 0.15 93.8 0.117 0.083 0.017 133.467 6.567
98	90	15	0.0
99	37 84 15 15 37 16 16 16 16 16 16 16 40 16 16 40 40 40 16 16 40 61 16 16 90	15	0.0 2.9 2.783 9.633 11.133 18.733 0.417 0.033 0.017 0.0 0.017 0.017 3.683 0.817 0.15 0.367 1.167 0.85 1.517 0.233 0.067 1.0 6.55 1.883 0.233
100	73 73	61	0.0 0.0
101	4 4	61	0.0 33.367
102	16 16 40 40 69 69 69 69 69	69	0.0 0.0 0.0 0.0 6.967 0.0 14.0 0.0 7.983
103	90 15 90 15 90 15 90 90 15 90 15 90 15 90 15 90	15	0.0 10.7 14.667 18.75 1.467 1.233 2.933 14.283 17.767 4.5 2.15 15.833 7.683 17.833 17.8 4.967
104	61 61 61	59	0.0 67.617 0.0
105	90	15	0.0
106	16	40	0.0
107	6 61 61 61	40	0.0 0.0 0.067 88.7
108	40	23	0.0
109	90 15 90 15 90 90 90 90 15 90 15 61 61 90 15 90 15 15 90 15 90 14 15 90 15 90 15 73	73	0.0 15.317 1.017 1.25 1.683 24.4 5.217 1.883 2.15 1.733 4.05 0.317 0.0 7.217 2.417 1.183 2.683 2.867 1.417 2.167 1.317 3.883 0.533 1.283 13.85 24.833 15.583 41.617
110	16	40	0.0
111	68 61 16 40 61 61 61 90 61 61 61 15 84 90 15 90 15 90 15 90	15	0.0 3.183 0.083 0.0 1.933 2.05 0.0 5.133 0.167 1.35 0.05 6.0 10.283 1.283 6.1 8.883 5.683 2.567 3.9 3.55
112	90 15 90	15	0.0 5.0 12.017
113	90 37 90 90 15 90 15 90	15	0.0 2.117 1.1 16.067 6.75 21.833 18.7 17.333
114	61 6	61	0.0 1.2
115	69 4 61 61 6 61	4	0.0 0.0 7.317 0.0 11.55 0.0
116	90	15	0.0
117	23	61	0.0
118	90	15	0.0
119	61 61 61 4	61	0.0 0.0 2.95 0.05
120	61	59	0.0
121	61 61 16 16 16 6 61 61 61 61 61	59	0.0 0.0 0.667 0.05 0.2 1.567 0.017 0.0 249.133 20.9 0.0
122	90	15	0.0
123	16	40	0.0
124	16 40	15	0.0 0.0
125	69 16	40	0.0 5.183
126	61 61 16 16 40 40 61	61	0.0 0.0 23.183 0.0 0.0 0.0 12.717
127	90 15 61 61 90 90 15 90	15	0.0 8.9 50.967 0.0 4.783 26.983 9.7 8.633
128	61 61 40 90 15 90 15 90	15	0.0 0.033 18.4 6.367 42.967 3.783 21.133 30.7
129	61 61 61 61 61 61 61 40	40	0.0 0.0 15.25 0.0 11.683 0.0 7.717 1.733
130	69 69 17 69 4 61 61	17	0.0 5.633 2.267 0.55 5.017 2.95 12.133
131	15 90	15	0.0 2.683
132	61 90	15	0.0 12.85
133	94 16	40	0.0 0.05
134	90 15 90	15	0.0 3.2 2.7
135	69 70 69 69	61	0.0 0.117 1.7 0.0
136	61 61 30 30	30	0.0 98.033 13.367 1.25
137	4 61 40 4 61 61 61 4 61 40 4 61	69	0.0 0.283 13.233 7.033 1.533 0.067 10.75 0.017 1.65 10.467 18.633 0.283
138	17 4	69	0.0 7.483
139	61 69 69	23	0.0 12.633 0.7
140	90 15	61	0.0 1.517
141	90	15	0.0
142	90	15	0.0
143	6 61 61 69 69	61	0.0 0.0 0.033 14.033 1.767
144	61	24	0.0
145	90 15	61	0.0 35.95
146	90 15 61 61 90	15	0.0 5.217 6.567 1.25 35.017
147	16 40 90 15 40 40 90 15 15 90 15 90 15	15	0.0 0.0 17.533 15.133 32.233 7.267 30.7 17.7 2.117 6.833 6.767 7.317 3.917
148	73 73 61 61	6	0.0 0.0 1.167 0.0
149	90 14	15	0.0 2.9
150	6 61 61	73	0.0 0.0 0.033
151	61 40	69	0.0 5.367
152	61 59	61	0.0 1.767
153	61 61 59 73 16 40 61 61 59	61	0.0 0.0 1.2 61.783 2.65 0.25 60.25 0.0 3.233
154	16 40 61	61	0.0 0.0 4.733
155	61 16 40 16 40 69	69	0.0 3.017 0.0 161.1 0.0 2.133
156	90 15 61 16 40 90 15 15 16	40	0.0 16.75 41.45 2.85 0.0 6.5 10.883 12.233 12.267
157	90	15	0.0
158	6 61 59 30	73	0.0 0.117 7.383 36.717
159	4 61 61 16 40 15 16	40	0.0 0.3 0.0 1.4 0.0 41.283 29.283
160	61 61 61 16 40 16 16 16 40 16 40 61	4	0.0 0.0 18.167 0.617 0.133 0.567 0.05 0.3 0.117 0.917 0.167 4.533
161	6 61 61 40 59 61 6	61	0.0 0.033 0.0 7.25 2.4 49.817 8.583
162	4 4 17 69 17 6	61	0.0 0.0 2.85 0.783 0.35 0.517
163	40 40 69 69 61 61 16 40 16	40	0.0 0.017 0.15 0.0 33.417 93.2 1.017 0.0 0.017
164	61 69 61	61	0.0 0.633 1.283
165	69 6 61	61	0.0 0.933 0.017
166	61 61 61 16 40 37	15	0.0 2.75 0.0 1.833 0.017 2.967
167	73	61	0.0
168	69 69 61 61 61	61	0.0 0.0 4.617 0.0 16.6
169	40 40 69	69	0.0 0.0 0.217
170	61 90 40	15	0.0 0.983 3.3
171	16 16 16 40 16 40 16 40 69	61	0.0 0.033 8.3 0.217 0.7 0.25 3.967 0.1 1.7
172	90	15	0.0
173	61 6	79	0.0 0.15
174	90 15 90	15	0.0 25.983 6.783
175	61 61 61	6	0.0 0.017 3.75
176	61 61 40 61	61	0.0 0.0 8.8 22.317
177	61 61 61 16	40	0.0 0.0 2.183 0.883
178	61	40	0.0
179	61 61 90 15 61	61	0.0 0.0 3.233 24.383 0.25
180	90 61 40	15	0.0 57.533 3.267
181	16 40 40 61 51 51 51 51 51 61 51 51 16 40 51 95 61	61	0.0 0.0 0.517 26.267 0.233 11.817 0.267 0.067 39.533 7.55 14.483 0.183 0.85 0.017 14.267 15.45 0.817
182	90 15 90 16 16 40 40 15 90 90 15 90 40 40 15 90 16 16 40 40 40 40 40 40	15	0.0 22.967 54.717 10.2 0.0 0.117 0.083 0.5 11.4 5.45 11.45 33.217 0.117 0.05 12.183 4.483 2.85 0.0 0.0 0.0 0.717 0.017 0.467 0.017
183	61 61 61 90 15 90 61 15 15 90 15 90 15 69 23 69 69 23 90 61	15	0.0 0.017 24.433 48.55 6.717 12.833 7.017 8.567 8.233 30.683 1.95 14.533 6.0 29.283 0.067 0.783 0.567 0.083 43.45 14.367
184	61 59 73 73 61 30 30 30 61 61 73	73	0.0 8.283 8.967 0.0 20.267 3.083 0.0 0.617 1.267 0.017 4.683
185	61 6 61 61 69 69 69	69	0.0 2.567 0.017 0.0 0.067 27.5 3.633
186	61	40	0.0
187	61 61	4	0.0 0.0
188	69 6 61 61 69 69 69	69	0.0 5.517 0.0 0.017 0.767 4.033 9.617
189	61 61 59	61	0.0 0.0 7.517
190	69 16 40 61 61	69	0.0 71.45 0.0 92.25 0.0
191	90 15 90	15	0.0 18.8 6.9
192	90 15 15 90 15 15 90 15 90	15	0.0 7.217 18.6 5.567 26.067 14.85 41.133 1.733 4.3
193	16 40 40 16	40	0.0 0.0 4.8 0.8
194	16 40 61 37	15	0.0 0.0 6.367 27.517
195	6 61 61 59	61	0.0 0.017 0.05 10.717
196	4	61	0.0
197	61 69 6 61 4 6 61 61 4 6 61	61	0.0 3.15 9.917 1.217 9.367 1.383 0.067 0.017 1.183 0.15 0.0
198	61 61 61 69 69 16	40	0.0 56.8 0.75 0.95 0.0 8.067
199	69 17 61 6 69	69	0.0 0.883 1.517 0.0 30.567
200	61 4 61 61 61 6 61 61 4 61 61 61 61 4 61 61 4 61	61	0.0 3.083 1.233 0.017 13.033 0.0 0.017 62.217 22.783 0.183 0.0 20.033 0.0 2.7 0.283 0.0 5.783 1.717
201	61 69 69	61	0.0 0.417 0.2
202	90 15 90 40 15 61 61 61	71	0.0 23.117 9.933 28.233 9.567 21.55 0.0 23.967
203	69 6 61 61 40 4 6 61 40 40 16 40 40 40 40 4 69 6 61	61	0.0 3.683 0.017 0.0 8.6 7.733 0.833 0.05 44.633 7.65 0.317 4.433 0.25 0.633 0.217 49.483 0.017 1.0 0.017
204	16 40 69 69 23 16 40	59	0.0 0.0 2.817 0.75 0.067 77.45 0.083
205	90 61 61 15 90 15 61 90 16 16 40	15	0.0 10.183 0.0 30.3 1.883 1.367 13.8 49.467 13.383 0.15 0.267
206	61 61 59 61 61	59	0.0 9.383 3.067 58.7 0.0
207	61 90 40 15 90 15 15 90 15 61 90 40 40	15	0.0 4.417 6.217 103.517 2.583 28.15 2.667 7.25 5.4 87.967 0.15 37.883 0.233
208	90 15 90 15 61	69	0.0 18.75 2.75 6.25 32.1
209	69 4	69	0.0 0.367
210	61 61 16 16 16 16 90 6 61 61 15 6 61 6 61 6 6 61 61 69	69	0.0 19.267 1.15 0.0 1.433 0.033 15.167 0.917 0.017 0.017 5.783 2.733 0.0 0.0 0.033 24.583 0.0 0.067 0.0 0.3
211	40 16 40	61	0.0 0.583 0.0
212	16	40	0.0
213	90	15	0.0
214	61 61 69 61	61	0.0 3.967 14.383 42.167
215	61 61 41 69 6 61 61	61	0.0 0.0 15.75 22.9 16.717 0.033 0.0
216	90	15	0.0
217	69 69 69 69 6 61 69 61 69 23 61	61	0.0 0.083 4.017 1.117 61.383 0.017 3.783 11.833 1.417 0.05 187.15
218	73 6 61 61 61	61	0.0 90.15 0.05 0.767 38.333
219	16	40	0.0
220	61 61 4 4 13	13	0.0 0.0 0.433 0.0 21.917
221	61 61 6 6 61 61	61	0.0 0.0 3.15 0.0 0.017 0.0
222	15 15 61 61 61 69 23	69	0.0 27.617 71.567 0.0 3.633 4.9 0.5
223	61 69 4 6 61	61	0.0 18.367 0.55 0.733 0.05
224	61 61 6 61 61	59	0.0 0.0 0.017 2.1 0.0
225	16 40 61	61	0.0 0.0 2.917
226	73 73 16 40	40	0.0 0.0 19.25 0.017
227	61 16 40	40	0.0 0.533 0.0
228	90	15	0.0
229	40 40 90 40 40	15	0.0 0.0 6.717 28.283 0.0
230	90	15	0.0
231	4 4	61	0.0 0.0
232	61 84	15	0.0 57.567
233	90 90 15 90 15 90 90	15	0.0 1.433 3.75 7.367 7.083 1.367 4.483
234	69 61 6 4 6	61	0.0 0.3 2.183 4.233 0.1
235	16	40	0.0
236	90 15 90 15 90	15	0.0 16.633 12.917 1.683 8.15
237	90 15 61 61 61 61 61	15	0.0 42.783 15.25 122.283 15.633 0.0 9.267
238	40 61 40 4 61 61	61	0.0 103.05 1.517 8.617 6.483 76.1
239	61 70 70 69	69	0.0 35.0 0.067 38.65
240	40 16 16 16 40 40 16 16 16 16 16 61 69 23 68 24 16 40 69 61	61	0.0 2.983 0.067 0.083 0.617 0.417 0.167 0.083 0.033 0.117 0.117 1.983 20.933 0.117 267.967 3.05 0.583 0.0 12.333 9.5
241	16 16 69 69 16 16 40	40	0.0 0.0 0.033 0.0 2.067 0.0 0.133
242	37	15	0.0
243	69	61	0.0
244	40 40	4	0.0 0.0
245	69 69 23	23	0.0 0.0 0.05
246	90	15	0.0
247	90	15	0.0
248	61 61 16 16 16 16 40 40 40 40 61 61 69 69 69 69 69 69 69	69	0.0 0.0 11.85 0.0 0.0 0.0 0.0 0.0 0.017 0.0 2.017 0.0 7.15 0.0 0.0 0.0 0.517 0.0 0.0
249	15 15 90 15 90 15 90 90 90 15 90 15	15	0.0 6.433 4.017 17.85 3.1 2.533 2.467 17.167 3.467 5.65 3.55 2.167
250	4 69	69	0.0 0.15
251	6 61	61	0.0 0.033
252	90	15	0.0
253	61 61 61 69 69	4	0.0 0.0 2.167 1.6 0.733
254	16 16 16 16 40 40	61	0.0 0.0 0.05 0.0 1.05 0.0
255	90 15 90	15	0.0 13.45 1.967
256	61 61 6 61	61	0.0 0.0 1.65 0.0
257	16 40 16 40 69 69 69 69 69 69 69 69 69 69 69 70 69 69 70 84 69 69 15 69 69	69	0.0 0.017 0.117 0.0 6.733 0.05 46.467 0.033 1.783 0.05 5.517 106.8 0.0 5.983 0.033 0.533 0.05 0.017 0.033 0.45 2.25 0.017 10.433 12.067 0.067
258	61 61 16	40	0.0 4.2 2.3
259	61 90 15 61 90 15 90 15 61	61	0.0 0.383 5.817 63.717 13.917 5.25 12.8 4.5 1.233
260	16	40	0.0
261	90 15 90	15	0.0 3.833 2.15
262	90 90 15 90 61 16 40 16 40 15 90 15 90 90 15 90 84 15 90 15 90 15 61 61 69 16 16 16 16	16	0.0 20.8 7.9 10.083 19.683 1.717 0.017 0.0 0.0 21.5 5.7 6.067 4.267 8.817 4.6 2.883 17.45 2.7 2.2 2.717 37.2 17.617 11.017 0.05 20.767 20.083 0.233 0.05 0.217
263	84	15	0.0
264	61 59	61	0.0 0.95
265	4 4 61	61	0.0 62.05 0.383
266	90	15	0.0
267	90	15	0.0
268	69	61	0.0
269	16 40 40 16 40 78	33	0.0 0.0 3.1 1.433 0.0 33.033
270	61 61 40 40 61 61 61 61 61	61	0.0 0.0 3.45 0.0 12.4 0.0 14.45 0.0 2.15
271	69 4	61	0.0 0.017
272	15 15 90 15 90 61 16 40 15 40 33 61 61 61 24 61 61 61 61 61 61 61 68 24 68 61 90 61 15 61 61 90 61 61 15 61 61 16 40 99 6 61	61	0.0 28.35 12.867 1.033 7.533 8.267 1.567 0.0 0.417 9.133 21.867 30.45 0.0 25.8 0.367 3.017 0.0 3.583 1.033 0.0 2.05 37.317 0.15 0.267 0.067 40.333 2.217 1.95 15.067 0.45 0.0 2.117 10.267 0.017 0.283 8.75 0.033 61.933 0.0 31.183 6.7 0.983
273	61 4 4 61 61 69 61 69	69	0.0 1.317 0.517 2.05 0.033 36.333 1.05 1.133
274	61 61 61 61 13 13 13 13 15 33 33 33 33 16 16 16 16 16 16 16 16 16 16 16 16 90 15 40 40 40 40 90 15 90 15 16 16 16 16 16 16 16 16 16 16 16 16 40 40 40 40 16 16 40 40 40 40 40 40 16 16 40	40	0.0 0.0 9.933 0.0 3.25 0.0 0.067 0.0 6.35 10.983 0.0 0.017 0.0 15.533 0.0 0.0 0.0 0.533 0.0 0.0 0.0 0.1 0.0 0.0 0.0 4.667 22.083 3.1 0.0 0.083 0.0 5.817 6.067 19.383 11.55 57.017 0.0 0.0 0.0 0.167 0.0 0.0 0.0 0.167 0.0 0.0 0.0 0.1 0.0 0.0 0.0 1.817 0.0 0.2 0.0 2.1 0.0 0.017 0.0 9.1 0.0 0.233
275	61 61 69 69 6 61 17 69 69 69 69 69 69	69	0.0 7.5 0.167 1.45 10.35 0.033 1.05 56.833 37.733 81.9 91.467 108.533 114.4
276	61 61 16 40 69 61 69 70	40	0.0 0.0 3.733 0.0 17.133 72.733 4.1 6.75
277	69	23	0.0
278	69 61	61	0.0 22.383
279	90 15 90	15	0.0 19.15 15.083
280	61	40	0.0
281	61 69 61 61 6 61	61	0.0 0.15 1.483 0.033 17.3 0.0
282	17 17 17 17 17 17 17 69	69	0.0 5.783 2.65 1.367 0.467 1.333 0.583 12.767
283	61 16 40 40 40 40 51 95 61 61 40 61	61	0.0 0.8 0.033 2.85 2.033 14.417 14.45 14.05 18.683 0.0 6.517 50.483
284	69 16	40	0.0 27.583
285	61 4 61 61	4	0.0 0.183 2.467 0.017
286	16 16 16	61	0.0 0.05 1.867
287	90 16 16 40 40 73 73 15 61	61	0.0 0.133 0.017 0.0 0.017 4.767 0.0 3.267 45.217
288	69 61 90 15 90 15 15 90 15 90 15 90 15 16 16 16 16 61 16 16 40 40 90 61 15 90 15 15 16 16 15 40 16 16 16 16 90 15 15 15 15 61 61 15 40 15 16 61 61 84 15 90 15 84	15	0.0 2.6 2.4 14.733 4.2 9.2 4.917 3.333 18.783 5.033 2.083 2.5 15.483 6.033 0.0 0.767 0.083 26.767 0.417 0.0 0.0 0.0 0.35 1.233 0.483 8.65 5.867 2.0 7.8 0.0 2.933 2.333 0.317 0.0 1.283 0.0 1.683 1.033 5.067 4.6 2.1 6.633 0.083 1.733 5.567 4.283 2.717 41.767 24.75 6.317 11.467 4.483 1.183 16.783
289	61 6 61	61	0.0 6.633 0.333
290	69 16	40	0.0 2.267
291	90	15	0.0
292	40 40 16 16 16 16 40 40 40 40 90 40 40	15	0.0 0.0 15.75 0.0 0.0 0.0 0.0 0.0 0.0 0.0 0.717 0.85 0.0
293	90	15	0.0
294	61 16 16 40	40	0.0 0.433 0.0 0.017
295	4 6 61	61	0.0 1.85 0.05
296	90	15	0.0
297	40	16	0.0
298	69 4 69	61	0.0 10.783 14.633
299	90 16 40 87 69 23 15 90 15 90 15 90 15 15 90 40 16 40 61	15	0.0 2.517 0.017 2.917 2.1 0.2 8.017 2.783 1.733 27.767 1.867 3.183 52.5 7.933 39.183 12.383 6.667 0.0 17.717
300	16	40	0.0
301	69 4 6 61	61	0.0 0.533 1.4 0.033
302	90	15	0.0
303	61 16 40 90 87	15	0.0 2.533 0.0 4.35 7.083
304	91 69 23 61	61	0.0 8.3 0.183 20.45
305	40 16	40	0.0 17.1
306	51 51 51 51 59 6 6 61 61 61 61 79	69	0.0 0.0 0.017 0.0 0.267 4.0 0.0 0.017 0.0 40.867 0.0 0.367
307	4 4 69 69 69 69 61 61 69 69 61 61 69 69 69 69 61 61 4	4	0.0 0.0 0.717 0.0 1.333 0.0 3.283 0.0 2.85 0.0 6.933 0.0 11.65 0.0 16.25 0.0 0.533 0.0 0.3
308	90	15	0.0
309	61 16 16 40	40	0.0 15.967 0.0 0.0
310	61 61	69	0.0 1.367
311	61 61 61 61 69 69 69 69 69 69 23 23 61 61 61	61	0.0 0.0 4.083 0.0 1.533 0.0 22.95 0.0 0.667 0.0 0.067 0.0 0.683 0.0 25.883
312	61 61 61 61 16 40 16 40	69	0.0 0.0 11.9 0.0 0.483 0.0 0.0 0.0
313	61 61 59 40	40	0.0 18.667 1.917 67.483
314	16	40	0.0
315	90	15	0.0
316	37	15	0.0
317	4 61	61	0.0 1.35
318	6 61	79	0.0 0.067
319	90 15 90	15	0.0 8.433 8.333
320	16 40 69	70	0.0 0.017 32.633
321	37 99	15	0.0 3.25
322	16 40 69	61	0.0 0.067 16.667
323	61 6	61	0.0 0.067
324	84 90	15	0.0 1.817
325	61 16 40 69	61	0.0 0.4 0.0 15.067
326	90 90	15	0.0 12.1
327	61 61 61 61	59	0.0 14.417 0.0 9.1
328	90 15 15 90 90 61 16 40 15 90 15 40 90	15	0.0 14.6 2.467 17.183 24.9 1.25 1.233 0.0 4.267 4.8 8.317 38.55 12.083
329	69 69 4 61 4	61	0.0 0.283 0.633 0.867 3.733
330	61 16	40	0.0 9.067
331	16 40 69 40 90 61 69 15 40 90 15 90 15 61 73 61 90 40	15	0.0 0.017 2.117 43.9 1.733 0.6 95.05 0.067 8.683 5.633 18.033 5.917 19.3 12.55 0.717 1.783 4.45 0.133
332	61 61 16 16 40	40	0.0 0.0 8.9 0.0 0.0
333	4 61 61 61	61	0.0 4.45 0.0 35.817
334	16 69 61	69	0.0 0.05 14.567
335	61 40 69 69 69	40	0.0 0.533 77.15 5.45 6.8
336	4 61	61	0.0 0.15
337	6 61	61	0.0 0.017
338	16 40 69 69 23 61	61	0.0 0.017 16.05 12.75 0.067 1.417
339	16 40 61	61	0.0 0.017 12.917
340	16 40 6 61 61 61 61 61 61 61 61 40 61 61 6 61 61	63	0.0 0.0 74.583 0.017 0.017 4.4 17.933 0.0 45.133 33.417 0.0 8.8 18.133 0.0 7.6 0.117 32.35
341	61 61 61 90	15	0.0 6.733 2.033 0.283
342	90 15 90	15	0.0 8.95 10.867
343	6 61 61 51 51 51 51 69 69 40	40	0.0 0.05 0.0 1.283 0.017 1.8 0.0 1.417 0.0 25.117
344	69 16 40	61	0.0 5.083 0.0
345	90	15	0.0
346	61 90	15	0.0 3.117
347	16 40 90 69 16 40 15 69 69 4 40	4	0.0 0.0 3.517 1.083 5.85 0.0 15.633 1.05 1.1 68.183 77.817
348	6 61	15	0.0 0.267
349	61 61	59	0.0 0.017
350	61 61 40 40 4 4 4 4 4	4	0.0 0.0 0.733 0.0 0.967 0.0 1.567 0.0 8.033
351	90 61 61 16 40 15 90 15 15 90 15 37 15 61 84 15 90 87 15 90 16 40 16 40 40	15	0.0 3.7 0.0 0.1 0.0 27.8 4.633 1.517 1.333 7.967 2.517 2.9 2.15 8.617 1.033 7.55 1.767 52.383 9.667 3.583 25.967 0.0 0.65 0.0 0.083
352	59 61 6	61	0.0 5.85 0.0
353	73 73 90 61	15	0.0 0.0 0.017 0.55
354	16 40 6	61	0.0 0.0 8.483
355	90 90 15	61	0.0 3.3 13.933
356	16 40 69 40 61 61 61 90 16 16 40 87 15 16 40 40	40	0.0 0.033 9.783 18.4 37.567 21.6 4.45 10.717 27.933 0.033 0.167 5.417 0.783 3.083 0.0 0.217
357	4 61 6	61	0.0 3.0 0.067
358	61 69 69 61 40 84 40 15 16 40 15 40 99 99 99 33 40 40 61 69	50	0.0 11.3 30.783 6.65 76.617 3.083 34.2 9.717 108.967 1.35 8.55 3.35 12.117 0.183 56.933 0.15 102.883 4.383 51.55 0.55
359	61 61 90	15	0.0 0.0 3.667
360	61 84	15	0.0 15.733
361	90 15 90	15	0.0 6.65 5.05
362	69 16 16 40 61 90 15 16 61	61	0.0 11.367 35.5 0.0 181.683 15.217 20.417 21.967 7.15
363	69 69 61 61 61	61	0.0 0.0 34.85 0.0 1.333
364	61 6 61 61 59 61 6 61 59	61	0.0 0.033 0.0 31.65 3.7 18.767 1.55 0.0 1.583
365	61 69 69 16 40 61 16	40	0.0 20.733 0.0 1.55 0.0 7.35 0.1
366	61 61 4 61 61	61	0.0 0.0 13.633 17.583 12.383
367	90	15	0.0
368	90	15	0.0
369	61 61 4 61 61 4 16 40 61 61 61	4	0.0 0.0 0.45 1.767 0.0 10.083 10.35 0.0 0.767 0.05 39.267
370	16	40	0.0
371	90	15	0.0
372	90 15 90 15 61 90	15	0.0 8.0 11.767 8.267 31.2 126.983
373	61 6 61 61 17 40 16 69 61	6	0.0 2.033 0.05 47.7 0.833 18.833 0.0 14.033 15.433
374	4 6 61 61 6 61 4 69	85	0.0 36.217 0.017 9.8 3.417 0.017 19.783 0.8
375	16 16 40 40 90 15 90	15	0.0 0.0 0.183 0.0 58.483 28.15 4.533
376	90	15	0.0
377	61 90	15	0.0 6.233
378	61 61	4	0.0 0.0
379	61 59 69	61	0.0 0.367 31.15
380	90	15	0.0
381	61 16 40 61 61	61	0.0 1.55 0.0 86.183 0.0
382	90	15	0.0
383	69 69 69 69 23 23 69 69 23 23 61 61 69	69	0.0 0.0 1.0 0.0 0.183 0.0 7.05 0.0 0.05 0.0 2.2 0.0 13.85
384	61 59	15	0.0 6.867
385	61 4 6 61 69 23 6	61	0.0 1.183 2.283 0.95 4.55 0.45 9.883
386	40 61	61	0.0 80.717
387	61 61	4	0.0 0.033
388	16	40	0.0
389	16	40	0.0
390	90 61 61 90 15 90 69 15 90	15	0.0 17.767 21.4 16.317 1.25 5.017 16.783 10.133 34.333
391	61 59 61 61 61 6 61	61	0.0 9.683 4.033 8.25 0.0 44.75 0.033
392	40	61	0.0
393	61 16 16 16	40	0.0 13.283 0.25 0.1
394	61	69	0.0
395	90	15	0.0
396	61	69	0.0
397	61 61 90 15 15 90	15	0.0 5.0 113.4 16.65 3.15 3.1
398	61 61 61 61	59	0.0 0.017 112.667 0.017
399	69 69 4 61 61 6 16	40	0.0 0.417 0.3 0.517 0.05 0.0 11.733
400	61 61 40 14 90 15 90 15 61 69 61 61 61 61	61	0.0 0.0 1.167 59.667 74.367 4.767 47.417 16.6 39.383 10.517 10.75 24.3 0.0 12.017
401	90 15 90	15	0.0 16.267 10.867
402	90	15	0.0
403	61 61 61 61 61 90 61 61 51 61	15	0.0 1.0 0.0 12.55 0.0 4.267 0.15 0.0 30.75 6.45
404	61 69 69	23	0.0 6.533 3.317
405	16	40	0.0
406	59 59 6 6 61 61	61	0.0 0.0 5.9 0.0 0.017 0.0
407	61 61 4 61	61	0.0 0.0 0.183 6.467
408	90	15	0.0
409	61 61 16 16 40 40 69 69 69 69 70 70 69	69	0.0 0.1 2.117 0.0 0.0 0.0 30.917 0.0 0.167 0.017 7.05 0.0 0.067
410	61 40	61	0.0 4.25
411	61 90 15 90 15 90 15 61	61	0.0 108.367 11.883 2.367 9.133 2.033 3.567 31.0
412	90	15	0.0
413	90	15	0.0
414	40 40 16 16	69	0.0 0.0 0.0 0.0
415	40 90 15 16 16 40 16	40	0.0 1.45 11.25 7.683 152.567 0.0 11.867
416	69 69 4 24 33 24 33 6	61	0.0 3.95 2.383 1.35 1.117 0.583 0.333 4.833
417	61 16 40 40 69 78	33	0.0 2.567 0.017 3.05 28.233 13.783
418	90	15	0.0
419	61 16 69	69	0.0 5.267 107.55
420	6	61	0.0
421	90	15	0.0
422	61 61 59 73	73	0.0 0.0 7.567 86.967
423	16 40 16	40	0.0 0.0 36.383
424	90	15	0.0
425	61	4	0.0
426	16	40	0.0
427	90 15	90	0.0 65.933
428	16	40	0.0
429	61 61 40 40 69 69	61	0.0 17.483 1.0 0.133 39.75 1.083
430	69 61	61	0.0 17.083
431	61 61 69 17 4 69 61 6	61	0.0 0.0 5.267 0.283 1.117 2.233 23.6 0.117
432	40	69	0.0
433	90 15 90	15	0.0 4.017 10.667
434	90 61 69	15	0.0 3.833 5.883
435	61 90 15 61 90	15	0.0 1.333 15.433 171.417 7.533
436	61 61 69	69	0.0 0.0 0.983
437	90 15 61 61 95 6 61 95 69 90 69 69 73 6 61 61 15 90 90 15 40 15 40 90 15	40	0.0 20.633 18.767 13.533 6.65 1.9 0.1 0.05 0.317 0.1 0.117 0.117 1.267 0.167 0.0 0.033 1.033 1.4 17.967 1.95 37.7 2.15 0.383 13.717 16.183
438	90 15 16	40	0.0 6.083 89.217
439	90	15	0.0
440	61 61 61 61 90	15	0.0 0.0 73.483 0.017 23.45
441	61 61 61	69	0.0 0.0 4.283
442	61 61 69	69	0.0 2.767 3.0
443	90 90	15	0.0 13.983
444	90	15	0.0
445	87 90	15	0.0 0.917
446	90	15	0.0
447	90 61	15	0.0 57.4
448	61 61 61 61 61 61 69 69 61	61	0.0 0.0 46.883 0.0 25.067 0.0 0.283 0.0 49.667
449	90 15 90 15 90	15	0.0 2.45 12.117 3.167 6.567
450	90 15 90 61 15 90 61 40 16 40 90 15 90 61 15 90 15 90 90 90 90 90 15 90 90 15	40	0.0 22.167 10.883 26.717 5.617 8.533 11.133 1.083 0.183 0.2 57.767 26.1 23.733 37.683 14.483 25.333 6.15 11.833 3.433 2.717 4.483 4.183 4.283 9.0 9.667 23.483
451	90 15 90 15 90	15	0.0 18.85 11.9 5.833 24.9
452	61 90 40 15 90 15 90 15 90 15 90 15 61 15 61 90 15 90 14	15	0.0 0.017 10.1 0.75 15.967 14.55 5.533 8.75 1.283 1.883 5.017 12.417 55.367 0.783 2.917 5.583 14.067 153.017 0.583
453	90	15	0.0
454	90 15 90	15	0.0 10.9 4.167
455	6 61 61	61	0.0 0.033 0.0
456	69	23	0.0
457	16 16 16 16 6	61	0.0 0.0 8.1 0.017 55.35
458	90 15 90 15 90 15 90	15	0.0 5.867 3.817 1.017 6.933 7.733 58.517
459	69 61 69 16	40	0.0 0.55 5.967 13.767
460	61 6 40	17	0.0 77.55 26.4
461	69 61 16	40	0.0 0.1 12.433
462	16 40 90 16 16 40 15 61 40	40	0.0 0.05 5.617 5.383 0.25 1.0 0.067 10.183 99.1
463	40 61 61 6 40 40 6 61 61 61	6	0.0 2.333 0.0 0.033 2.767 0.4 13.817 0.017 0.0 36.8
464	61 16 40 16	40	0.0 4.55 0.0 11.25
465	61 69 61	69	0.0 1.15 1.117
466	90 15 90	15	0.0 8.567 16.017
467	90	15	0.0
468	17 69 17 17 17 61 6	61	0.0 0.317 0.25 0.55 1.65 1.0 0.017
469	69	4	0.0
470	90 90 90 90 15 90 15 90 15 40 14 15	15	0.0 18.883 29.083 2.633 6.65 2.167 10.317 7.917 6.667 3.833 38.467 26.417
471	15 84	15	0.0 27.333
472	61	69	0.0
473	61 61 69 70 70 69 69 70	70	0.0 9.567 3.233 0.617 2.683 0.0 0.883 0.683
474	6 61 61	61	0.0 0.017 0.0
475	90 15 90	15	0.0 1.917 1.717
476	69 61	61	0.0 3.467
477	61 6 61	61	0.0 19.1 0.033
478	61	79	0.0
479	16 40 51 13 24	61	0.0 0.05 3.05 0.167 11.233
480	61 61 59 61 40	40	0.0 0.0 1.917 33.15 3.933
481	61 61 90	15	0.0 0.0 0.1
482	61 61 61 73 59 73	73	0.0 21.833 0.033 7.483 82.917 15.167
483	90	15	0.0
484	40 16 61	69	0.0 0.0 34.683
485	90	15	0.0
486	61 6 78 40 16 40 16 40 24 33 16 40 69 4 13 6 61	24	0.0 1.75 1.5 50.317 62.833 0.0 27.05 0.0 1.967 5.15 0.217 0.0 1.483 0.35 2.5 0.717 0.05
487	23 40 16 16 16 6 61	24	0.0 3.05 1.683 0.117 0.283 2.533 0.0
488	90 61 16 40 15 40 90 16 40 40 15 90 15 40 61 40 90 40 40 40 15 40 40 13 90 15	61	0.0 59.117 1.6 0.0 1.417 2.083 19.983 3.167 0.0 0.217 6.95 13.7 1.967 23.367 10.6 0.417 5.383 6.367 1.5 2.817 1.133 4.317 2.867 0.783 15.817 15.233
489	90 15 90 15 90	15	0.0 41.65 2.017 3.4 101.517
490	78 24 78	33	0.0 0.35 0.183
491	6 61	61	0.0 0.0
492	90 15 90 15 61 90 15 15 90 15 15 61 90 15 90 15 90 40 61 15 16 40 40 90	15	0.0 14.933 8.367 6.417 21.083 132.483 7.933 3.183 7.217 2.7 15.817 3.683 0.817 3.233 8.717 6.583 7.533 4.8 4.783 0.833 33.05 0.0 0.75 6.467
493	4 69 69	69	0.0 8.45 34.45
494	69 17	4	0.0 1.9
495	61 90 40 90 15 13 90 15 90 15 90 15 61 61 61 61 61 90 15 90	15	0.0 0.75 1.717 19.883 6.35 2.233 19.05 3.1 4.417 1.6 5.9 7.633 30.85 0.1 16.767 0.033 1.617 35.117 10.85 11.567
496	69	23	0.0
497	90 15 90 61 15 90 15	61	0.0 7.967 8.983 11.033 1.817 18.867 12.383
498	6	61	0.0
499	15 90 61 61	15	0.0 6.317 3.6 0.0
500	69 69 61 61 6 6 61 61 61	61	0.0 0.0 0.333 0.0 3.333 0.0 0.017 0.0 7.967
501	87 90	15	0.0 0.117
502	61 61 79	15	0.0 0.017 13.1
503	61 61 4 4 6 61 61 4 6	61	0.0 0.0 2.383 0.017 30.35 0.033 107.4 0.083 2.233
504	61 61 59	61	0.0 0.0 6.95
505	40 61	69	0.0 0.317
506	16 40 61	61	0.0 0.0 18.967
507	90	15	0.0
508	61 61 17	17	0.0 0.0 0.033
509	90	15	0.0
510	61 61 4 4 61 61 61 4 69 69 23	69	0.0 0.167 2.283 9.867 0.8 222.983 0.017 0.55 10.267 1.217 0.133
511	69 4 69 69 69	69	0.0 9.133 3.3 2.717 4.35
512	16 40 69 69 23 61 6	61	0.0 0.0 0.633 0.617 0.1 8.45 0.1
513	4 33 61	4	0.0 0.083 1.067
514	61 61 90 90 15 90 90	15	0.0 0.0 82.5 10.783 16.05 5.85 16.883
515	61 61 61 61 61 61 16	40	0.0 0.0 4.317 0.0 13.833 0.0 6.3
516	90	15	0.0
517	69	4	0.0
518	61 61 6 59 61 6 61	61	0.0 50.967 0.0 2.2 5.617 11.567 0.033
519	4 4 69	69	0.0 0.0 30.167
520	61 6	61	0.0 0.083
521	90	15	0.0
522	61 61 40 16 40 61 61	61	0.0 0.0 8.867 0.15 0.017 91.35 4.35
523	69 23	69	0.0 0.633
524	61 59 6 61	61	0.0 41.1 9.533 0.0
525	61 16	40	0.0 55.667
526	90 15 90 15 90 90 90 90 90 40 61 15 15 90	15	0.0 18.5 34.067 7.15 2.45 2.767 1.85 3.733 1.817 8.517 20.517 3.417 3.417 1.283
527	16	40	0.0
528	61 61 61 40 90 90 15 90 15 90 15 90 90 90 90 15 90 15 90 15 90 15 61 40 33 90	15	0.0 8.083 24.367 12.783 0.35 22.483 1.367 3.75 18.217 21.65 9.15 3.883 1.467 3.033 3.217 3.333 1.533 4.75 18.317 19.917 3.2 11.45 71.583 0.633 24.217 75.283
529	69 4 61 61 6	4	0.0 0.2 22.633 0.017 35.217
530	61	59	0.0
531	90	15	0.0
532	69 69 69 69 70	69	0.0 5.7 25.017 1.367 0.1
533	90	15	0.0
534	61 61 90 15 61	61	0.0 0.0 53.2 1.4 63.533
535	61 16 40 16 40 16 16 16 16 40 69 23 40 16 16	40	0.0 9.2 0.0 7.417 0.033 17.4 0.15 0.2 0.467 0.35 480.45 0.083 17.267 0.417 8.383
536	61 6 61 61	61	0.0 1.433 0.0 33.867
537	90	15	0.0
538	61 61 61 61 6 61	61	0.0 12.533 1.233 0.017 0.0 25.6
539	61 61 16 16 40 40 16 40 16 40 15 15 90 15 90	15	0.0 0.017 1.383 0.0 0.0 0.017 19.833 0.017 0.0 0.0 47.55 12.5 69.133 3.533 10.217
540	69 84 15	69	0.0 0.233 23.217
541	69 69 16 16 16 16 40	40	0.0 0.45 23.167 0.017 0.033 0.0 0.4
542	69 23 69	23	0.0 0.783 5.45
543	61 61 61 13 16	40	0.0 0.0 11.45 2.633 0.2
544	16 40 16 40 40 40 16 16	61	0.0 0.0 0.017 0.0 1.117 0.0 182.767 0.1
545	90 87 15 90	15	0.0 5.367 4.55 23.683
546	61 16 40 16 40 78	33	0.0 0.75 0.0 24.667 0.0 16.317
547	59	73	0.0
548	69 69	4	0.0 0.15
549	61	59	0.0
550	84 15 61 61 16	40	0.0 14.067 98.267 0.0 137.233
551	90	15	0.0
552	90 15 90 15 90 15 90	15	0.0 20.917 15.65 120.383 66.017 17.6 15.967
553	61 61 16 40 16 16 16 16 16 16	16	0.0 43.217 1.017 0.5 1.517 0.067 0.033 0.017 0.167 2.483
554	61 6 4 61 4 61 61 4 61 61	4	0.0 0.633 1.417 26.533 3.983 3.017 0.0 17.0 1.3 0.0
555	61 69 61 69 16 90 13 90 69	15	0.0 14.483 0.217 2.583 2.8 32.6 1.233 6.633 2.3
556	61 59	61	0.0 0.0
557	17 17 16 16 40 40 16 16 40 40 40 40 40 40 69 69 16 16 40 40 40 40 69 69 90 15 13 13 16 16 40 40 13 13 16 16 40 40 13 13 69 69 23	23	0.0 0.0 79.667 0.0 0.033 0.0 13.65 0.0 0.0 0.0 39.05 0.0 9.217 0.0 18.133 0.0 19.017 0.0 0.883 0.0 0.783 0.0 1.483 0.0 9.0 8.083 3.117 0.0 19.0 0.0 0.0 0.0 2.583 0.0 3.467 0.0 0.017 0.0 6.167 0.0 5.65 0.0 0.167
558	61 61 6 61 61 16 16 40 40 69 69 4 4 16 16 40 40 16 16 40 40 40 40 69 69 16 16 61	61	0.0 0.0 0.0 19.067 0.0 5.383 0.0 0.017 0.0 2.6 0.0 8.55 0.0 3.633 0.0 0.017 0.0 9.717 0.0 0.017 0.0 27.517 0.0 7.8 0.0 16.967 0.0 52.717
559	61 61 69 16	40	0.0 0.0 6.967 0.183
560	16 16 40 40 90 61 90 16 16 40 40	15	0.0 0.0 0.0 0.0 1.0 8.733 0.583 0.75 0.0 0.017 0.0
561	90 15 37 84 15 90 90 15 90 15 90	15	0.0 17.067 63.633 13.95 2.6 8.983 3.667 16.483 2.217 2.3 23.917
562	61 6 61 69 4 6 61 4 61 6 61 61 4 61 61 61	6	0.0 1.7 0.017 12.1 0.3 0.967 0.017 23.8 0.083 0.067 0.0 8.133 0.0 0.0 1.533 0.0
563	90 61 15 90 40 15 90 37	15	0.0 56.85 1.55 3.567 10.067 19.517 39.583 32.083
564	16 16 40 40 6 6 61 61 69 69 69 69 70 70 69 69 69 69 61 61 69 69 61	61	0.0 0.0 0.017 0.0 3.467 0.0 0.45 0.0 2.383 0.0 1.917 0.0 0.633 0.0 9.833 0.0 3.767 0.0 36.533 0.0 0.0 0.0 10.267
565	16 40 16 40 61	61	0.0 0.0 0.0 0.017 1.917
566	16 40 90	15	0.0 0.067 171.083
567	90	15	0.0
568	90 15 61 16 40	40	0.0 41.933 14.483 5.583 0.0
569	16 16 40	40	0.0 0.0 0.0
570	4 4 61	61	0.0 0.0 14.45
571	90 15 61 90 16 40 87 15 90 15 15 90 84 15 90 15 90 90 15 15 90 15 90 15 90 15 90 15 90	15	0.0 7.867 55.35 0.067 1.917 0.0 9.55 11.55 1.333 9.55 1.817 3.85 1.633 1.35 4.067 2.367 4.233 2.033 2.117 9.983 5.567 8.933 8.333 6.75 2.55 8.767 4.6 4.117 1.2
572	73 73 16 40 61 6	61	0.0 0.0 14.7 0.0 11.05 0.033
573	61 61 61 69	69	0.0 0.0 11.867 20.117
574	61 79 6 61 6	61	0.0 1.9 106.65 0.0 0.0
575	61 40 40 16 16 40 90 15 16 16 16 16 16 40 40 69 90 15 73 15 61 61 90	61	0.0 2.567 1.933 0.0 0.033 0.0 0.167 2.067 14.2 0.533 0.117 24.017 0.0 0.617 0.0 22.133 16.833 9.45 1.933 17.183 4.2 0.05 11.3
576	4 4 61 61 4 61 61 61	4	0.0 0.0 1.633 0.017 30.95 39.733 0.0 25.733
577	84 84	15	0.0 4.05
578	61 61 69	69	0.0 0.0 28.983
579	61 61 61 69 69 69	69	0.0 105.6 0.0 1.35 0.0 20.35
580	90 40 15 15 15 84 15 61 90 15 15 90 15 90 87 15 90	15	0.0 0.033 5.1 14.633 2.433 23.183 3.233 15.367 14.833 7.633 37.05 1.217 1.017 3.75 0.133 6.917 245.15
581	16	40	0.0
582	16 40 4 61 61 16 40 61 61 61 61 16 40	4	0.0 0.017 0.233 0.1 0.05 0.55 0.183 1.917 76.067 0.017 22.467 12.567 0.05
583	61 61 61 59 61 61	61	0.0 40.167 0.0 6.533 8.067 0.0
584	90	15	0.0
585	90 15 90	15	0.0 20.017 13.083
586	69 69 69 69 16 16 16 16 16 16 40 40 40 40 90 15 15 40 40 40 40 61 61 61	61	0.0 9.833 6.883 0.0 11.883 0.017 0.6 0.017 0.067 0.0 0.167 0.0 63.567 0.0 1.533 19.85 21.483 21.433 0.0 55.35 7.833 4.317 12.85 4.367
587	59	61	0.0
588	61 61 61 61 13 13 16 16 40	40	0.0 0.0 9.133 0.0 0.467 0.0 10.433 0.0 0.35
589	4 69 61	69	0.0 1.967 0.133
590	90	15	0.0
591	6 61 61 61	61	0.0 0.083 0.0 20.083
592	6 16 16	61	0.0 0.883 1.617
593	69	61	0.0
594	4 4 16 40 6 61 61 16	40	0.0 0.033 1.083 0.0 7.233 0.033 0.0 2.233
595	37 90	15	0.0 13.617
596	90	15	0.0
597	90	15	0.0
598	61 6 61	15	0.0 0.817 0.0
599	15 61 61 90	15	0.0 16.433 97.383 4.25
600	90 61 61	15	0.0 20.067 0.0
601	90	15	0.0
602	16 40	59	0.0 0.0
603	90	15	0.0
604	61 61 6 61	59	0.0 0.0 0.0 37.917
605	14 90 61	15	0.0 1.883 8.117
606	61 61 61 90	15	0.0 0.0 16.067 15.633
607	61 15 40 16 40	40	0.0 1.967 35.033 8.65 0.0
608	61 61 69 69	69	0.0 0.0 0.717 23.667
609	40 40 15 69 69 33 61 61 61 61 61 61 61 61 16 40 16 40 40	40	0.0 1.567 14.933 15.267 0.683 7.25 38.533 0.883 0.15 2.367 1.283 52.05 0.083 101.85 19.25 0.0 0.017 0.0 0.3
610	40	61	0.0
611	17 69	61	0.0 4.983
612	90 15 90 15 40 90 16 40 15 90	15	0.0 8.95 14.633 11.983 27.667 73.167 1.667 0.05 5.617 4.0
613	6 61 61 61 61	61	0.0 0.0 0.233 61.25 84.9
614	69 69 69 70 70 69 69 70	61	0.0 5.9 0.117 14.167 5.983 0.117 4.383 0.117
615	61 69 23	61	0.0 0.033 0.067
616	90 15 90	15	0.0 5.883 9.717
617	61 61 61 61 61 61	4	0.0 0.0 33.25 0.0 11.417 161.967
618	90	15	0.0
619	16 40 90	15	0.0 0.0 11.217
620	16 16 40	40	0.0 0.0 0.0
621	16 40 69 69 40 69	69	0.0 0.0 72.75 147.483 1.1 10.35
622	15 90 15 90 15 90 90 15 90 15 90	15	0.0 6.583 19.667 17.9 28.05 5.983 2.467 6.4 20.7 5.617 46.233
623	61 90 69 61 15 61 61 90	15	0.0 15.667 7.4 57.983 29.15 20.8 0.0 18.583
624	90	15	0.0
625	40 61	61	0.0 1.0
626	61 61 16 16 40 40 61 61 61 61 61 61 84	15	0.0 47.5 18.733 0.05 0.05 0.033 80.667 0.0 20.483 0.0 2.9 0.0 1.617
627	90	15	0.0
628	90 90	15	0.0 2.75
629	37 15 16	40	0.0 10.733 47.167
630	61 6 61	63	0.0 0.183 0.267
631	90 15	61	0.0 15.25
632	90 15 61 61 61 90	15	0.0 17.083 29.017 33.05 11.083 72.667
633	90	15	0.0
634	69 69	61	0.0 0.567
635	61 6 61	61	0.0 76.35 0.067
636	90	15	0.0
637	16 40 16 40 16 16 16 16 16 16 16 16 16 16 16 16 16 40 61	61	0.0 0.0 0.017 0.0 16.7 0.0 0.0 0.0 0.0 0.0 0.0 0.0 0.0 0.0 0.0 0.0 0.0 0.0 4.1
638	69 69 16	40	0.0 0.0 5.25
639	61 61 6 61 61	6	0.0 0.0 0.0 6.417 3.617
640	61 61 16	40	0.0 0.0 6.733
641	61 6	61	0.0 0.033
642	16 16 40 40 69 69 69 69 69 69 69	69	0.0 0.0 0.0 0.0 7.233 0.0 0.667 0.0 7.3 0.0 10.717
643	61 61 90	15	0.0 0.0 5.6
644	16 16 40 40 90 14 61	15	0.0 0.0 0.0 0.0 0.133 2.767 5.983
645	61 61 61 17 16	40	0.0 2.433 0.017 4.567 2.533
646	61 69	70	0.0 1.083
647	90	15	0.0
648	15 69 90 15 90 15 61 61 61	61	0.0 79.283 61.55 19.717 9.2 29.767 0.383 19.7 0.0
649	69 69 61	61	0.0 0.0 38.133
650	16 16 40 40 33 33 61	61	0.0 0.0 0.017 0.0 3.7 0.0 20.6
651	61 61 6	61	0.0 1.317 0.267
652	61 6 61 61 59 6 61 61 79 73 73 61 61 6	61	0.0 18.217 0.05 0.0 4.55 13.633 0.117 0.033 0.233 100.25 0.0 2.817 0.0 0.083
653	16 16 40 40 37 40	15	0.0 0.0 0.0 0.0 10.667 0.417
654	90	15	0.0
655	61 59 61 61	79	0.0 3.417 1.65 0.0
656	16 40 69 69 16 40 69 69 16	40	0.0 0.0 52.083 21.383 12.367 0.0 27.467 0.217 25.583
657	90 15 90 15 90	15	0.0 26.6 20.45 3.95 80.95
658	40	69	0.0
659	90 15 90 15 90	15	0.0 17.117 14.517 1.467 3.533
660	59 61	59	0.0 1.8
661	61 40 15 69 40 40	40	0.0 1.317 1.65 5.4 84.65 44.317
662	6 6 61 61 61	61	0.0 0.0 0.017 0.0 3.25
663	61 61 40 40 90	15	0.0 4.533 0.8 0.017 74.833
664	61 61 61 79	40	0.0 82.9 2.75 2.083
665	94 94 94 94 17 17 17 17 17 17 17 17 16 16 40 40 17 17 17 17 69 69 4	4	0.0 0.0 0.0 0.0 0.65 0.0 1.667 0.0 0.933 0.0 1.7 0.0 0.55 0.0 0.0 0.0 0.633 0.0 1.217 0.0 1.533 0.0 38.1
666	90	15	0.0
667	90 15 73	73	0.0 23.5 26.233
668	90	15	0.0
669	16 15 16 40 69 69 23 61	61	0.0 3.15 170.4 0.0 19.033 0.333 0.15 3.85
670	90 15	69	0.0 1.05
671	61 61 61 61 59 73 73	73	0.0 0.0 26.767 0.0 8.55 78.95 64.267
672	17 17 16 40	17	0.0 1.4 1.933 0.05
673	4 4 4 69 69 69 69 69 69 61 61 4 4 4 61 61 61	61	0.0 0.0 0.0 6.267 0.0 0.0 6.45 0.0 0.0 1.083 0.0 56.583 0.0 0.0 0.25 0.0 27.883
674	90	15	0.0
675	16 16 40 40 16 16 40	40	0.0 0.0 0.0 0.0 0.583 0.0 0.017
676	61 61 61 6 61 61	79	0.0 7.4 0.0 1.8 0.0 0.033
677	61 69	69	0.0 100.15
678	15 61 61 61 61 61 61	61	0.0 3.167 68.883 0.0 17.733 214.317 234.717
679	16 40 69	23	0.0 0.017 13.933
680	90 90 40 40 40 40 16 40	15	0.0 15.1 48.867 1.117 0.617 0.8 1.367 0.0
681	69 23 16	40	0.0 0.083 8.967
682	90	15	0.0
683	90 15 90	15	0.0 9.483 15.333
684	90	15	0.0
685	73 73 61 61 61 61 61 61	61	0.0 0.0 6.067 0.0 63.233 0.0 37.95 39.35
686	90	15	0.0
687	61 40 16	78	0.0 0.133 0.0
688	61 40 90 15 90 90 40 15 90	15	0.0 0.833 0.083 26.633 2.067 1.767 38.683 1.95 3.45
689	90	15	0.0
690	61 16 40 90 15 90 15 15 40 90 15	40	0.0 0.883 0.017 4.8 25.117 5.7 2.117 12.717 54.017 8.95 38.3
691	61 61 61 61 61 51 51 40 40 51	51	0.0 9.9 0.0 15.367 0.0 16.233 0.0 0.617 1.867 3.5
692	69 69 69 69 40	40	0.0 0.0 2.167 0.0 8.583
693	90 61 61 15 61	61	0.0 0.017 0.0 23.45 18.417
694	61 16 16 40 40 69	61	0.0 37.983 0.017 0.0 0.0 0.667
695	6	61	0.0
696	4 4 16 40 61	61	0.0 0.0 0.033 0.017 10.7
697	90	15	0.0
698	73 73 61 61 61 61 41	61	0.0 0.0 1.183 0.0 14.783 0.0 10.017
699	6 61 61 61 61 61 61 61	61	0.0 0.0 0.05 44.783 86.683 0.0 33.9 15.833
700	61	69	0.0
701	69 69 40	40	0.0 0.0 0.717
702	90 15 90	15	0.0 5.067 12.183
703	90 15 40 61 40 16 40	40	0.0 29.9 30.917 0.067 0.15 16.517 0.6
704	16	40	0.0
705	73 73 61	61	0.0 0.0 1.817
706	61 61 16 40 61 40 61	61	0.0 4.05 19.267 0.017 43.283 1.733 99.25
707	16	40	0.0
708	16	40	0.0
709	61 59 59 61 61 6 61	61	0.0 3.75 0.0 15.433 0.0 3.533 0.15
710	40 61 40 90	15	0.0 60.133 0.333 2.3
711	61	40	0.0
712	90	15	0.0
713	90 15 90 15 90 15 90 61 61 40 69	15	0.0 7.117 2.05 6.9 5.217 5.683 12.65 20.083 9.383 5.9 7.75
714	61 69 6 61	4	0.0 0.283 1.333 0.05
715	90	15	0.0
716	73 61	61	0.0 17.867
717	16 40 90 61 73 61 15 90 15 90 15 90 15 15 90 15 90 90 15 15 90 15 73 61	15	0.0 0.033 0.4 2.45 2.867 11.217 9.017 2.2 1.15 15.017 1.867 2.833 1.283 2.5 13.867 3.8 8.2 9.317 14.233 2.017 2.45 13.967 0.5 1.583
718	4 17 37	15	0.0 0.0 3.35
719	40 69 69 70 70 70	70	0.0 4.067 4.9 0.133 2.917 0.017
720	90 15 61 61 90 61 15	61	0.0 2.967 8.067 0.0 0.55 1.817 0.017
721	16 40 59 6 61 15 84 15	59	0.0 0.017 2.183 1.083 0.167 6.517 6.883 2.267
722	90	15	0.0
723	73	61	0.0
724	73 15 40 6 61 61 61 61 61 61 61 61 15 15 90	15	0.0 46.767 38.117 34.633 0.267 1.333 19.55 0.0 26.8 36.717 0.283 26.817 4.05 26.533 4.35
725	90 15 90 15 90	15	0.0 29.583 36.533 4.1 1.533
726	61 61	79	0.0 20.75
727	40 59	15	0.0 15.917
728	61	4	0.0
729	69 16 40 16 40 16 40 16 40 16	40	0.0 0.833 0.0 14.417 0.017 4.05 0.0 2.75 0.017 3.317
730	16	40	0.0
731	90	15	0.0
732	4 16	40	0.0 1.417
733	90 16 40 15 15 15 90 15 15 90 15 40 16 40 40 90 15 90 40 15 61 90 95 15	61	0.0 3.317 0.0 5.867 10.35 1.517 17.2 3.1 8.05 6.1 9.067 0.9 0.317 0.0 0.083 6.433 7.05 1.55 4.9 0.583 10.217 23.683 2.733 29.567
734	69 16 40 69 40 16	61	0.0 0.1 0.033 0.3 19.05 0.0
735	69 69 4 61	4	0.0 0.1 0.3 0.95
736	4 61	61	0.0 40.55
737	16 16 40 40 4 4 61 61 16 16 16 16 16 16 16 16 40 40 16 16 16 16 16 16 40 40 61 61 4 4 61	61	0.0 0.0 0.017 0.0 1.25 0.0 2.1 0.0 2.517 0.0 0.35 0.0 13.25 0.0 16.1 0.0 0.217 0.0 0.217 0.0 0.15 0.0 7.267 0.0 0.233 0.0 25.5 0.0 0.05 0.0 1.6
738	90	15	0.0
739	6 61	61	0.0 0.0
740	90	15	0.0
741	90	15	0.0
742	61 90 87	15	0.0 2.033 1.517
743	61 61 40 90 15 61 90 59 16 15	61	0.0 0.0 12.483 3.483 6.767 12.283 5.233 1.533 12.567 5.267
744	61 13 90 13 15 15 15 33 40 61 90 15 40 15 15 15 15 90 15 15 90 15 90 15 90 40 15 15 90 40 15 40 40 90 15 69 90 61 15 61 90 15 90 16 40 40 15	40	0.0 0.15 2.083 0.15 9.75 2.517 1.1 13.167 21.217 9.467 10.5 9.617 58.683 1.917 4.433 2.3 2.433 2.033 1.167 1.817 2.867 1.783 1.217 2.333 1.733 3.583 3.167 4.283 2.617 1.067 6.067 0.083 2.883 0.1 1.267 65.483 16.1 2.533 1.333 6.0 6.483 4.367 6.983 1.233 0.017 0.633 3.95
745	90 15 61 61 90	15	0.0 3.983 9.65 0.0 0.617
746	6 61	61	0.0 0.1
747	61 61 61 6 61 61	59	0.0 3.317 0.017 0.033 3.85 0.0
748	90 15 90 15 15 90 15 90 15 90 15 90 15 90 90 15 90	15	0.0 30.317 5.367 37.2 2.817 5.85 32.517 1.233 11.467 6.667 1.417 3.917 1.5 34.517 1.85 29.6 16.367
749	16	40	0.0
750	61 40 40	40	0.0 2.983 4.117
751	6	61	0.0
752	61 6 61 16 40 69	23	0.0 1.067 0.333 0.333 0.0 25.8
753	61 61 16 40	69	0.0 5.15 1.95 0.017
754	6 61	61	0.0 0.0
755	40 16 61	61	0.0 0.0 31.25
756	73 61 6 61	69	0.0 0.717 0.0 0.017
757	61 61 69 61 61 69 69 23	61	0.0 35.067 1.0 23.15 0.0 31.083 0.433 0.183
758	4 61	61	0.0 7.35
759	69	61	0.0
760	16	40	0.0
761	90 15 61 61 40 69 16 16 16 16 16 14 16	16	0.0 28.917 31.117 0.017 1.033 11.15 2.383 0.25 0.0 0.0 0.0 13.75 24.517
762	61	69	0.0
763	61 40 40 59 40	40	0.0 0.2 2.783 23.833 7.917
764	15 61	61	0.0 5.9
765	59 61 61 61	61	0.0 5.667 0.0 44.617
766	16 40 16	40	0.0 0.0 19.533
767	37	15	0.0
768	4 61 6	61	0.0 6.95 0.05
769	4 4 61 16	40	0.0 0.0 0.917 0.517
770	69 69 69 69 61 61 69 69 69	69	0.0 0.0 0.0 0.0 5.033 0.0 40.683 0.0 0.0
771	61 61 61 61 90 15 90 15 90 40	15	0.0 156.383 0.067 18.467 17.8 7.483 7.4 28.733 5.633 30.067
772	16 40 16	40	0.0 0.65 6.267
773	61 16	40	0.0 0.883
774	4 61 61 61 61 61 61 61	61	0.0 13.3 0.0 15.167 0.0 2.183 3.65 4.317
775	90 15	15	0.0 27.583
776	90 40 87 90 15 90	15	0.0 10.3 10.833 10.533 1.75 16.783
777	61 90 16 40	15	0.0 0.4 13.35 0.0
778	69	61	0.0
779	61	79	0.0
780	90 15 90	15	0.0 5.7 3.133
781	15 90 15 90	15	0.0 10.1 15.15 8.0
782	69	61	0.0
783	61 61 6 6 61 61 61	61	0.0 0.05 15.5 0.0 0.117 0.0 19.683
784	61 61	69	0.0 0.0
785	90	15	0.0
786	69 61 69 69	61	0.0 16.85 2.667 0.55
787	61 69 69 90 61 4 40 61 40 40 15 40 16 40 61 40 69 69 69 90	15	0.0 10.8 0.0 1.25 18.0 10.45 21.333 23.3 0.2 0.0 20.383 0.267 0.783 0.367 77.533 1.35 2.217 0.017 1.433 16.817
788	40 61 61 61 90 15 61 40 61 61 16 40	14	0.0 11.683 15.217 0.0 44.1 54.633 42.267 39.783 30.617 0.0 22.517 0.0
789	61	40	0.0
790	16	40	0.0
791	16 40 16 40	61	0.0 0.033 15.567 0.0
792	90 15 90 16 40	15	0.0 7.6 18.983 0.3 0.0
793	40 90 15 61 16 40	90	0.0 0.517 17.417 10.35 0.033 0.017
794	90	15	0.0
795	61 16 16 40 40 69	69	0.0 23.05 0.0 0.0 0.0 8.783
796	16	40	0.0
797	16 40 90	15	0.0 0.067 29.1
798	6 61	61	0.0 0.0
799	61 61 6 6 69 69 69 69 69 69 4 4 40	40	0.0 0.0 1.45 0.0 0.45 0.0 1.083 0.0 0.083 0.0 17.883 0.0 24.383
800	37	15	0.0
801	6 61	59	0.0 0.05
802	90 15	4	0.0 19.8
803	90	15	0.0
804	90 15 40 61 90	15	0.0 13.167 51.65 27.433 188.1
805	4 61	61	0.0 1.533
806	16 16 40 40 61 61 4 4 69 69 4	4	0.0 0.0 0.05 0.0 8.883 0.0 0.267 0.0 16.817 0.0 1.067
807	4 69	69	0.0 13.267
808	84	15	0.0
809	61 16 40	69	0.0 12.633 0.0
810	61 84 16 40 16 40 15	40	0.0 2.0 23.55 0.0 33.3 0.017 16.367
811	90 15 90 15 61 15 61 15 40 40 61 61 6 61 61 40 73 69 69 69 68 33 78 24 99	63	0.0 3.167 6.583 19.567 39.95 27.333 41.283 6.283 0.233 1.083 1.317 0.0 1.467 0.783 0.033 2.6 0.533 1.617 0.367 0.3 2.567 0.3 0.217 0.317 0.617
812	90	15	0.0
813	61 16	40	0.0 11.467
814	61 59	61	0.0 8.617
815	69 4 61 61 61 4	61	0.0 0.0 28.533 0.017 65.75 0.517
816	90 15 90 15 90	15	0.0 7.8 2.75 8.95 8.35
817	69	61	0.0
818	90	15	0.0
819	70 69	70	0.0 0.033
820	16 16 16 40 16 40 40	40	0.0 0.017 6.8 1.267 10.533 0.583 0.967
821	6 61	61	0.0 0.0
822	16 40	61	0.0 0.017
823	37	15	0.0
824	84	15	0.0
825	90	15	0.0
826	90	15	0.0
827	90 16 40 15	61	0.0 12.017 0.0 9.717
828	16 40 61	69	0.0 0.0 13.333
829	90 61	15	0.0 59.017
830	6 61 61	59	0.0 0.183 0.0
831	15 33	61	0.0 0.45
832	69 61 61 61	61	0.0 3.55 29.533 10.75
833	61 61 69 69 6 6 61 61 40 40 40 40 16 16 40 40 40 40 16 16 40 40 40 40 16 16 40 40 16 16 16 16 16 16 16 16 16 16 16 16 16 16 16 16 16 16 40 40 16 16 40 40 40 40 40 40 40 40 69 69 40 40 40 40 40 40 40 40 61 61 40 40 40 40 40 40 69	69	0.0 0.0 2.217 0.0 1.5 0.0 0.05 0.0 2.85 0.0 68.533 0.0 1.85 0.0 1.167 0.0 2.733 0.0 0.783 0.0 0.733 0.0 2.267 0.0 1.083 0.0 1.55 0.0 1.333 0.0 1.717 0.0 0.183 0.0 0.05 0.0 0.0 0.0 1.133 0.0 0.05 0.0 0.183 0.0 0.167 0.0 5.733 0.0 0.667 0.0 0.317 0.0 1.667 0.0 2.817 0.0 3.55 0.0 1.117 0.0 1.35 0.0 2.167 0.0 58.217 0.0 12.183 0.0 9.433 0.0 29.567 0.0 22.95 0.0 25.117 0.0 37.283
834	90 61 61 90 90	15	0.0 0.433 0.0 6.767 5.667
835	40 16 16 69	23	0.0 0.1 0.033 15.533
836	51	24	0.0
837	4 4 69 78 61 24 33 6 61 16 40 16 40 16 40 16 40 69 16 40 16 40 16 40 16 40 16 40 16 40 16 40 16 40 40 16 40 16 40 16 40 16 16 16 40 40 16 40 16 40 16 16 40 16 16 40 13 15 69 16	40	0.0 0.0 0.05 2.283 0.933 2.05 2.95 2.583 0.133 58.15 0.0 22.133 0.017 13.633 0.0 1.183 0.0 0.2 50.817 0.7 52.533 0.0 5.317 0.0 85.233 0.017 2.217 0.0 17.3 0.0 0.767 1.367 1.25 0.017 0.15 19.35 0.0 0.6 0.483 1.1 0.383 2.117 0.083 0.233 0.2 0.333 1.133 0.0 0.85 0.267 1.5 0.533 0.017 0.283 1.233 0.15 4.3 1.9 35.517 24.617
838	37 15 37	15	0.0 1.833 6.4
839	61 61 61 69	69	0.0 0.0 17.667 0.1
840	61 90 15 61 61 61 90 15 90 40 16 40 40	15	0.0 147.6 26.783 30.783 2.317 0.083 5.517 8.283 6.917 7.667 1.033 0.0 0.867
841	69 61 61	69	0.0 2.6 24.333
842	6 61 61	4	0.0 0.0 0.017
843	16 16 69 69 13 13 69 69 23 23 69 69 16 16 40 40 61	61	0.0 0.0 6.6 0.0 8.117 0.0 1.417 0.0 0.083 0.0 68.2 0.0 64.85 0.0 0.017 0.0 35.617
844	61 90	15	0.0 1.033
845	4 69	69	0.0 53.383
846	61 6 61	59	0.0 6.25 0.083
